Ido	Esperanto	lingua Latina	français	English	日本語
abadala	abata, abateja	abbātiālis	abbatial	abbatial	
abatajaro			abattis, abatis	abatis, abattis, abbattis	逆茂木
abdomino	ventro	abdomen	ventre, abdomen, bedon, estomac, bide, brioche, panse	belly, abdomen, stomach, venter	腹, 腹部
abel-edukisto	abelbredisto		apiculteur	beekeeper, apiculturist	
abelo	abelo	apis	abeille	bee	ハチ, 蜂
Abidjan	Abiĝano		Abidjan	Abidjan	アビジャン
abieto	abio	abies	sapin	fir, fir tree	樅の木, モミ
ablativo	ablativo	ablativus, casus ablativus	ablatif	ablative	奪格
ableto			ablette	bleak, common bleak, ablet, ablen	
abomineso	malamego		horreur, aversion, répulsion, abomination, répugnance, exécration, nausée, écœurement	abhorrence, aversion, abomination, deep aversion, disgust, detestation	
abomino	malamego		horreur, aversion, répulsion, abomination, répugnance, exécration, nausée, écœurement	abhorrence, aversion, abomination, deep aversion, disgust, detestation	
abrikoto	abrikoto	armeniacum	abricot, prune d’Arménie, pomme d'Arménie, prune d'Arménie	apricot	杏子
absenteso	foresto		absence	absence	
abstrakta algebro	abstrakta algebro		algèbre générale	abstract algebra	抽象代数学
absurda	absurda		absurde	ludicrous, absurd	
Abuja	Abuĝo		Abuja	Abuja	アブジャ
acenso	supreniro		ascension, montée	ascent	登り
acidento	akcidento, malfelicxo		accident	accident	事故
adenito	adenito		adénite	adenitis	
adipocero			adipocire, gras de cadavre	adipocere, corpse wax, grave wax, mortuary wax	死蝋
adjektivo	adjektivo	verbum adiectum	adjectif	adjective, describing word	形容詞
administrado financala			gestion financière	financial management	
admiralaro	admiralejo		amirauté	admiralty	
admirinda	admirinda		admirable	admirable	
adolecotempo	adolesko, juneco	adulescentia	adolescence	adolescence, teenhood	
adreso	adreso		adresse, adresse, adresse	address, address, address	住所
Adriatiko	Adriatiko, Adria Maro	Mare Hadriaticum	Mer Adriatique	Adriatic Sea	アドリア海
adultero	adulto	adulterium	adultère	adultery, advowtry, philandery	不倫, 姦通, 私通
advento	advento	Adventus	Avent	Advent	
aero	aero	aer	air	air	空気, エア, 天空
aeroplano	avio, aviadilo, flugmaŝino; aviadilo	aeroplanum; aëroplanum	avion, aéroplane; appareil volant, aéronef	aeroplane, plane, bird, fixed-wing aircraft; aircraft	飛行機, 航空機; 飛行機, 航空機
Afganistan	Afganio		Afghanistan, République islamique d'Afghanistan, État islamique d’Afghanistan, État islamique d'Afghanistan	Afghanistan, Transitional Islamic State of Afghanistan	アフガニスタン
afidio	afido		puceron	aphid, plant lice	アブラムシ
Afrika	Afriko	Africa	Afrique, continent noir	Africa	アフリカ, 阿弗利加
Afrikansa	Afrikansa, afrikansa		afrikaans	Afrikaans	アフリカーンス語
agosto	aŭgusto, Aŭgusto	augustus, Augustus, augustus, sextilis	août, aout	August	八月, 葉月, 8月
agrafilo	agrafilo	consutorium	agrafeuse, brocheuse	stapler	ホッチキス, ステープラー, ホチキス
agro	kampo, kamparo	campus	champs, champ	field	原野, 畑, フィールド
agrokultivo	agrikulturo, terkulturo	agricultura	agriculture, agriculture	agriculture, agriculture	農業, 農業
akrostiko	akrostiko		acrostiche	acrostic	
aktiniumo	aktinio	actinium	actinium	actinium	アクチニウム
Al Manamah	Manamo		Manama	Manama	マナーマ
Alando	Alando		Îles Åland, Iles Åland, Åland, État libre associé d'Åland	Åland Islands	オーランド諸島
Albania	Albanio		Albanie, République d’Albanie	Albania, Republic of Albania	アルバニア
Albaniana			albanais, albanais standard	Albanian, Standard Albanian	アルバニア語
albergestro	albergisto, gastejestro, gastejestrino	copa	aubergiste	innkeeper	
albergo			auberge	inn	
alburno			aubier	sapwood, sap-wood, alburnum	
alfabeto	alfabeto	alphabetum, abecedarium	alphabet	alphabet	アルファベット
alio	ajlo	allium	ail, ail cultivé, ail commun, ail de cuisine, chapon, perdrix, thériaque des pauvres, thériaque des paysans	garlic	大蒜
Aljer	Alĝero	Algeria	Alger, La Blanche	Algiers	アルジェ
Aljeria	Alĝerio		Algérie, République algérienne démocratique et populaire	Algeria, People's Democratic Republic of Algeria	アルジェリア
alkemio	alkemio, alhxemio		alchimie	alchemy	錬金術
alko	alko	alcēs, alces	élan, orignal, orignal	moose, elk	ヘラジカ, 箆鹿
alopecio	alopecio		alopécie, pelade	alopecia, hair loss	脱毛
alternatoro	alternatoro		alternateur	alternator	オルタネーター
alteso			altesse	highness	
alumeto	alumeto		allumette	match, friction match	マッチ
aluminio	aluminio	aluminium	aluminium	aluminium	アルミニウム
Alzacia	Alzaco		Alsace	Alsace	アルザス地域圏
ambro	ambro		ambre gris	ambergris, grey amber, gray amber	竜涎香, 龍涎香, アンバーグリス
amento	amento		chaton, iule	catkin, ament	尾状花序
americio	americio	americium	américium	americium	アメリシウム, アメリシウム, アメリシウム, アメリシウム, アメリシウム
amfibio			batracien, amphibien	amphibian	両生綱, 両棲綱
amplitudo	amplekso		amplitude	aAmplitude, amplitude	振幅
Amsterdam	Amsterdamo		Amsterdam	Amsterdam	アムステルダム
anagramo	anagramo		anagramme	anagram	アナグラム
analitika filozofio	analiza filozofio	philosophia analytica	philosophie analytique	analytic philosophy	分析哲学
Andora	Andoro	Andorra	Andorre, Principauté d'Andorre	Andorra, Principality of Andorra	アンドラ
anelido	anelido		annélidé, annélide	annelid	環形動物
anemio	anemio	anaemia	anémie, aglobulie, pauvreté du sang	anemia, anaemia, anæmia	貧血, 貧血症
anestezio	anestezo	anaesthesia	anesthésie, insensibilisation		麻酔
aneto	aneto		aneth, fenouil bâtard, faux anis, fenouil puant, aneth odorant	dille, dill, anet	イノンド, 姫茴香, ディル
Anglia	Anglio		Angleterre	England	イングランド
Anguila	Angvilo		Anguilla	Anguilla	アンギラ
anguilo	angilo	anguilla	anguille	eel	鰻, ウナギ
anonima	anonima		anonyme	anonymous	
antidoto	kontraŭveneno		antidote, alexipharmaque	antidote, counterpoison	
antilopo	antilopa, antilopo		antilope	antelope	レイヨウ
antimonio	antimono	stibium	antimoine	antimony	アンチモン
antitezo	antitezo		antithèse	antithesis	
antologio	antologio		anthologie	anthology	アンソロジー
antonimo	antonimo		antonyme	antonym	対義語
antropometrio	antropometrio		anthropométrie	anthropometry	
anxio	anksieco	anxietas	anxiété	anxiety	不安
apartamento	cxambro		appartement	apartment	アパート, マンション
apertar	malfermi	aperire	ouvrir	open	開く
apoptozo			apoptose	apoptosis	アポトーシス
apparatchik			apparatchik	apparatchik	
april	aprilo, Aprilo	aprilis, Aprīlis, Aprilis	avril	April	四月, 卯月, 4月
aprilo	aprilo, Aprilo	aprilis, Aprīlis, Aprilis	avril	April	四月, 卯月, 4月
aquario	akvario	aquarium	aquarium	aquarium	水族館
aquo	akvo	aqua	eau	water	水
aquomelono			pastèque, melon d'eau	watermelon	スイカ
arab	araba	lingua Arabica	arabe, arabe standard moderne, arabe standard, arabe littéral	Arabic, Standard Arabic	アラビア語
Araba Peninsulo	Arabio	Arabia	Arabie	Arabian Peninsula, Arabia, Arabian subcontinent	アラビア半島
Arabia	Arabio	Arabia	Arabie	Arabian Peninsula, Arabia, Arabian subcontinent	アラビア半島
Arabiana	araba	lingua Arabica	arabe, arabe standard moderne, arabe standard, arabe littéral	Arabic, Standard Arabic	アラビア語
arakido	arakido, ternukso; ternukso	arachis	arachide, cacahuete, cacahouète, cacahuète, pinotte, pistache de terre; arachide, noix de terre, pois de terre	peanut, groundnut, earthnut, goober, pinda, jack nut, monkey nut; peanut, groundnut	ラッカセイ, 落花生, ピーナツ, ピーナッツ
arborala				arboreal	
arboro	arbo	arbor	arbre	tree	木, 樹木
argon	argono		argon	argon	アルゴン
argono	argono		argon	argon	アルゴン
Arizona	Arizona		Arizona	Arizona	アリゾナ州
Arjentinia	Argentino	Argentina	Argentine	Argentina, Argentine Republic	アルゼンチン
arjento	arĝento	argentum	argent	silver	銀
Arktika oceano	Arkta Oceano	Oceanus Arcticus	océan arctique, océan Arctique, océan Glacial arctique	Arctic Ocean, Arctic Sea	北極海, 北氷洋, 北極洋
Arktika Oceano	Arkta Oceano	Oceanus Arcticus	océan arctique, océan Arctique, océan Glacial arctique	Arctic Ocean, Arctic Sea	北極海, 北氷洋, 北極洋
Armenia	Armenio		Arménie, République d'Arménie	Armenia	アルメニア
Armeniana	armena		arménien	Armenian	アルメニア語
arseno	arseno, arseniko	arsenicum	arsenic	arsenic	ヒ素, 砒素
arteriito			artérite	arteritis	
arterio	arterio		artère	artery	動脈
arto		ars	art	art	技術, 芸術, アート, 美術
artrito	artrito		arthrite	arthritis	関節炎
Aruba	Arubo		Aruba	Aruba	アルバ
asekuro	asekuro		assurance	insurance	保険
asiejar	ĉirkaŭi, sieĝi		assiéger	besiege, beleaguer, beset, surround, circumvent, hem in	
asiejo			siège	siege	
asimptoto	asimptoto		asymptote	asymptote	漸近線
askaridiko			ascaridiose	ascariasis	回虫症
asno	azeno		âne, baudet, bourricot	donkey, ass	驢馬, ロバ
asomar			assommer, sonner	knock unconscious, knock out	
asparago	asparago	asparagus	asperge	asparagus	アスパラガス
aspiratoro	polvosuĉilo	polverem ablator	aspirateur, balayeuse, aspirateur électrique, aspi	vacuum cleaner, hoover, vacuum	掃除機
astatino	astato	astatinum	astate	astatine	アスタチン
astrocito			astrocyte	astrocyte	
astronomiala	astronomia		astronomique	astronomical, astronomic	
atitudo			attitude, état d'esprit, disposition	attitude, tendency, orientation, position, disposition	
atolo	atolo		atoll	atoll	
atuno	tinuso		thon	tunafish, tuna	tuinnín, マグロ, 鮪
audar	aŭdi	audire	entendre, ouïr	hear	聞く
Austria	Aŭstrio		Autriche, République d'Autriche	Austria, Republic of Austria	オーストリー, オーストリア
automobilo	aŭto, aŭtomobilo, ĉaro	autocinetum	automobile, voiture, bagnole	car, automobile	自動車, 車
autoro	auxtoro		auteur, écrivain	author, writer	
autoroyuro	aŭtorrajto kaj kopirajtaj monopoloj	ius auctorum	droit d'auteur	copyright	著作権
autostopar	petveturi		autostop, faire de l'autostop, faire du stop, faire de l'auto-stop, lever le pouce, faire du pouce	hitchhike, hitch, thumb, hitchhike, hitch, thumb, hitch a ride, thumb a lift, thumb a ride, hitch, hitchhike, thumb	ヒッチハイク
autotomio			autotomie	autotomy, self amputation	
autuno	aŭtuno	autumnus	automne	autumn	秋
avantajo	utilo, profito		avantage	advantage	
avara	avida, avara		avare	avaricious	
aveno	aveno	avena, avena sativa	avoine	oat, common oat	オートムギ, 烏麦, カラスムギ, 燕麦
avino	avino	avia	grand-mère, aïeule	grandmother, granny, grandma, grannie, nanna, nana	おばあさん, 祖母
Avogadro-fixo	konstanto de Avogadro		nombre d'Avogadro, constante d'Avogadro	Avogadro's Number	アボガドロ数, アボガドロ定数
Avogadro-nombro	konstanto de Avogadro		nombre d'Avogadro, constante d'Avogadro	Avogadro's Number	アボガドロ数, アボガドロ定数
avulo	avo	avus	grand-père, aïeul	grandfather	祖父, おじいさん
Azerbaijan	Azerbajĝano		Azerbaïdjan, République d'Azerbaïdjan	Azerbaijan, Republic of Azerbaijan	アゼルバイジャン
Azia	Azio	Asia	Asie	Asia	アジア
babilema			bavard, causant, loquace	talkative	
Bahama	Bahamoj		Bahamas	Bahamas, Commonwealth of the Bahamas, Bahama Islands	バハマ
Bahrain	Barejno		Bahreïn	Bahrain	バーレーン
balanco	pesilo	lībra, trutina, statēra	balance	scale, scales, weighing scale, balance	秤, 天秤
Baleariske Øer	Balearoj		Îles Baléares, Iles Baléares, Baléares	Balearic Islands	バレアレス諸島
baleno	baleno	balaena	baleine	whale	鯨
balistiko	balistiko		balistique	ballistiek, ballistics	弾道学
balnochambro	banejo, bancambro, banĉambro	balneum, lavacrum, balnearia	salle de bain, salle de bains	bathroom, bath, restroom	バスルーム, 浴室, 風呂場
baloneto	pilkego, pilko	pila	balle, ballon, ballon	ball	ボール
banano	banano		banane	banana	バナナ
Bangladesh	Bangladeŝo		Bangladesh, République populaire du Bangladesh	Bangladesh, People's Republic of Bangladesh	バングラデシュ
bankisto	bankiero		banquier	banker	銀行家
banko	banko		banque, établissement bancaire	bank	銀行
Barbados	Barbado	Barbata	Barbade	Barbados	バルバドス
barbisto	frizisto, barbiro		coiffeur, merlan	hairdresser, barber	美容師, 床屋
barbo	barbo	barba	barbe	beard	髭, 顎鬚, あごひげ, 鬚
bario	bario	barium	baryum	barium	バリウム
barografo	barografo		barographe	barograph	
basa	malalta		bas	low	低い
basamento	subetaĝo		sous-sol	basement	地下室
Baskiana	eŭska		basque	Basque, Basque 	バスク語
bebeo	bebo	infans	bébé, nourisson	baby, babe, infaneto, infant	赤ちゃん, 赤ん坊
Belgia	Belgio		Belgique, Royaume de Belgique	Belgium, Kingdom of Belgium	ベルギー
Belize	Belizo		Belize, Bélize	Belize	ベリーズ
Belmopan	Belmopano		Belmopan	Belmopan	ベルモパン
Benin	Benino, Benino	Beninum	Bénin, Bénin	Benin, Benin, Republic of Benin	ベナン, ベナン
benko	banko, benko		banc	bench	ベンチ
berenjena		melongena	aubergine	brinjal, aubergine, eggplant	茄子
berenjeno		melongena; melongena	aubergine; aubergine, mélongène, mélongine, albergine, ambergine, beringène, bréhéme, bringèle, marignan, mayenne, melanzane, mérangène, méringeane, verinjeane, viadase	brinjal, aubergine, eggplant; aubergine, eggplant, brinjal	茄子; 茄子
berilio	berilio	beryllium	béryllium	beryllium, glucinium	ベリリウム
berkelio	berkelio	berkelium	berkélium	berkelium	バークリウム
bero	bero		baie	berry	ベリー
betravo	ruĝa beto		betterave, betterave rouge	beetroot, table beet, garden beet, red beet, beet	ビートの
Bhutan	Butano		Bhoutan	Bhutan, Kingdom of Bhutan	ブータン
biblioteko	biblioteko	bibliotheca	bibliothèque, librairie	library	図書館
biciklo	biciklo	birota	bicyclette, vélo, petite reine	bicycle, bike, cycle	自転車
binoklo	okulvitroj	perspicillum	lunettes	glasses, spectacles, eyeglasses	眼鏡
Birmingham	Birmingham		Birmingham	Birmingham	バーミンガム
bismuto	bismuto	bisemutum	bismuth	bismuth	ビスマス
blanka	blanka, blanko; blanka	albus; albus	blanc; blanc	white; white	白い, 白; 白い
blanko	blanka, blanko	albus	blanc	white	白い, 白
blato	blato	blatta	cafards, cafard, blatte, cancrelat, coquerelle	cockroach	ゴキブリ
blogo	blogo		blog	blog, weblog, web log	ブログ
boko			bouche	mouth	口
Bolivia	Bolivio		Bolivie	Bolivia, Republic of Bolivia	ボリビア
bonveno	bonvenon	salve	bienvenue	welcome	ようこそ
bopatro	bopatro	socer	beau-père	father-in-law	舅, 義父
borono	boro	borium	bore	boron	ホウ素
Botswana	Bocvano		Botswana	Botswana, Republic of Botswana	ボツワナ
Bouvet Insulo	Buvetinsulo		Île Bouvet	Bouvet Island	ブーベ島
boyo		attollo	balise, bouée	buoy	ブイ, 浮標
braceleto	braceleto, ĉirkaŭmano, brakringo	brachiale, armilla, viria	bracelet	bracelet, wristlet	ブレスレット, 腕輪
brakio	brako	brachium, bracchium	bras	arm	腕
Brazil	Brazilo		Brésil	Brazil	ブラジル
bretelo	ŝelko		bretelle		サスペンダー
brocho	broĉo		pin's, broche	pin, badge, breastpin	ブローチ
brodar			broder	embroider	
bromo	bromo	bromum	brome	bromine	臭素
bruna	bruno		brun, marron, châtain	brown	茶色, 褐色
Brunei	Brunejo		Brunei, Brunéi Darussalam	Brunei, Negara Brunei Darussalam	ブルネイ
brutala	bruta		brutal	brutal	
Bruxel	Bruselo	Bruxellae	Bruxelles	Brussels	ブリュッセル
budjeto	buĝeto		budget	budget	予算
bujio	kandelo	candela	bougie, chandelle	candle	ろうそく
Bulgaria	Bulgario		Bulgarie, République de Bulgarie	Bulgaria, Republic of Bulgaria	ブルガリア
bulimio	bulimio		boulimie	bulimia, bulimia nervosa	神経性大食症
bumerango	bumerango		boomerang	boomerang	ブーメラン
burjono	burĝono		bouton, bourgeon	bud	蕾
Burkina Faso	Burkino		Burkina Faso, Burkina	Burkina Faso	ブルキナファソ
Burundi	Burundo		Burundi	Burundi, Republic of Burundi	ブルンジ
butiko	butiko, vendejo	taberna	magasin, boutique	store, boutique, retail outlet	店, 商店
butoro	botaŭro		butor	bittern	
butro	butero	butyrum	beurre	butter	バター
Canberra	Kanbero		Canberra	Canberra, Canberra, Canberra	キャンベラ, キャンベラ, キャンベラ
celerio	celerio	apium	céleri, ache des marais, persil des marais, cèleri	celery	セロリ
cembro	cembro		pin cembro, pin cembrot, pin des Alpes	Swiss pine, Swiss stone pine, Arolla pine	
cent	cent	centum	cent	hundred, one hundred	百
centauro	centaŭro	centaurus	centaure	centaur	ケンタウロス
centrifugilo	centrifugilo		centrifugeuse	centrifuge	
ceptro			sceptre	sceptre	
cerio	cerio	cerium	cérium	cerium	セリウム
cerizo	ĉerizo	cerasum	cerise	cherry	桜ん坊, 桜桃, さくらんぼ
cerumeno	cerumeno, orelvakso	cerumen	cérumen, cire de l'oreille	earwax, cerumen	耳垢
cervino	cervino	cerva	biche	doe, hind	麀
cervo	cervo	ceruus, cervus	cerf, cerf élaphe	deer	鹿
cesio	cezio	caesium	césium	caesium	セシウム
cetonio orea	ora cetonio		cétoine dorée, cétoine doré, hanneton des roses	rose chafer, green rose chafer	バラコガネムシ
Chad	Ĉado		Tchad	Chad, Republic of Chad	チャド
chambro	ĉambro		pièce, chambre, salle, pièce, salle	room	部屋
chapelo	ĉapelo	galerus, galerum	chapeau	hat	帽子, ハット
chasado	ĉasado	venatio	chasse	hunting, hunt	狩り, 狩猟
chef-urbo	ĉefurbo		capitale	capital	首都
Chekia	Ĉeĥio		Tchéquie, République tchèque	Czechia, Czech Republic	チェコ
chera	multekosta	pretiosus, carus	couteux, cher, coûteux, reuch	costly, expensive, dear	高い
chikungunya	ĉikungunjo		chikungunya, chik	chikungunya	
Chili	Ĉilio		Chili	Chile, Republic of Chile	チリ
chiniono			chignon	chignon, bun	シニヨン
chipa	malmultekosta	vilis	bon marché, pas cher	cheap, economic, inexpensive	安い
Chipro	Kipro; Kipro	Cyprus	Chypre, République de Chypre; Chypre	Cyprus, Republic of Cyprus; Cyprus	キプロス
ciel-arko	ĉielarko	arcus	arc-en-ciel	rainbow	虹
cielo	ĉielo	caelum	ciel	sky	空
ciencala kunlaboro			coopération scientifique	scientific co-operation	
cigno	cigno	cygnus	cygne	swan	鵠, 白鳥
cikatro	cikatro	cicatrix	cicatrice, balafre	scar, cicatrice	瘢痕, 傷
cikloido	cikloido		cycloïde	cycloid	
cinemo	kinejo		cinéma, ciné, cinoche	cinema	映画館
cirko	cirko		cirque	circus	サーカス, 曲馬団, 曲芸
citologio	citologio		cytologie, biologie cellulaire	cytology, cell biology	細胞学
citrono	citrono		citron	lemon	レモン
civilizeso	civilizo		civilisation	civilisation, civilization	文明
civito	urbo, civito	urbs, civitas	ville	city	都市
cizo	tondilo	axicia, forfex	ciseaux, paire de ciseaux	scissors, pair of scissors	はさみ, 鋏
Cook-Insuli	Kukinsuloj		Îles Cook	Cook Islands	クック諸島
Dakar	Dakaro		Dakar	Dakar	ダカール
Dania	Danio	Dania	Danemark	Denmark, Kingdom of Denmark	デンマーク
Daniana	dana		danois	Danish	デンマーク語
danjeroza substanco			matière dangereuse	hazardous substance	
danko	dankon		merci	thank you, thanks, cheers	ありがとうございます
dansar	danci	saltare	danser	dance	踊る, ダンスする
danso	danco	saltatio, tripudium, saltatus	danse	dance	踊り
dateliero	daktilopalmo		palmier-dattier, dattier, dattier cultivé	date palm, date palm tree	ナツメヤシ
datelo	daktilo	palmula	datte	date	
debila		infirmus	faible	weak	弱い
decembro	decembro, Decembro	december, December	décembre	December	十二月, 師走, 12月
decigramo		decigramma	décigramme	decigram	
decimacar			décimer	decimate	
decimetro	decimetro	decimetrus	décimètre	dm	
defino			définition	Definition, definition	定義, 語義
deino		dea	déesse	goddess	女神, めがみ
dejuneto	matenmango	prandium, ientāculum	petit-déjeuner, repas du matin, déjeuner, petit-déjeuner, petit déjeuner	breakfast	朝食
dek	dek	decem	dix	ten	十
dek ed ok	dek ok	duodēvīgintī	dix-huit	eighteen	十八
dek-e-sep	dek sep	septendecim	dix-sept	seventeen	十七
dekesma	deka	decimus	dixième, 10ème, 10e	tenth, 10th	十番目
dekimo		decimum	dixième	tenth, 10th	
dekreto			décret, décret	decree	
demokratio	demokratio	imperium populi, democratia	démocratie	democracy	民主主義, 民主, デモクラシー
demonstrar			démontrer	demonstrate	
dento	dento		dent	tooth, molar	歯
denuncanto			lanceur d'alerte, dénonciateur	whistleblower, whistle-blower, whistle blower	内部告発者
denuncero			lanceur d'alerte, dénonciateur	whistleblower, whistle-blower, whistle blower	内部告発者
denuncinto			lanceur d'alerte, dénonciateur	whistleblower, whistle-blower, whistle blower	内部告発者
deo		deus	divinité, dieu	deity, divinity, god	
des-plas-izar	moviĝi	moveo	se mouvoir, se déplacer, bouger	move	動く
desegnar	desegni		dessiner	draw	描く
desfortunoza			infortuné, malchanceux	unfortunate, malheureux	
dessapora			insipide	tasteless, insipid, bland, flavourless, flavorless	
detersivo			détergent	detergent	洗剤
dezirar	voli	volare, desiderare	vouloir	want	欲しい
diagramo	diagramo		diagramme	diagram	ダイアグラム
dialekto	dialekto		dialecte	dialect	方言
digramo	digrafo, digramo		digramme	digraph, digram	二重音字
diktatoro	diktatoro		dictateur	dictator, dictator	独裁者
dilemo	dilemo		dilemme	dilemma	
dinamo	dinamo		dynamo	dynamo, dynamo-electric machine	
diocezo	diocezo; diocezo; diocezo		diocèse, diocèse, diocèse, évêché; diocèse, diocèse, diocèse, évêché; diocèse, diocèse, diocèse, évêché	diocese, diocese, diocese, bishopric; diocese, diocese, diocese, bishopric; diocese, diocese, diocese, bishopric	教区; 教区; 教区
dislexio			dyslexie	dyslexia	ディスレクシア
disprozio	disprozio	dysprosium	dysprosium	dysprosium	ジスプロシウム
distanta	malproksime, fora	procul, remotius	loin, lointain, éloigné	far	遠い
ditirambo	ditirambo		dithyrambe	dithyramb	ディテュランボス
divenar	iĝi, fariĝi	fieri	devenir	become, turn	なる
diversigar				variegate	
divorco	divorco		divorce	divorce	離婚
Djibouti	Ĝibutio		Djibouti, Pays des Braves, République de Djibouti	Djibouti, Republic of Djibouti	ジブチ
dodoo	dodo, dronto		dodo, dronte de Maurice, dronte	dodo	ドードー
Doha	Dohao, Doho		Doha	Doha	ドーハ
doktrinala	doktrina		doctrinaire, doctrinal	doctrinal	
dolo	fraŭdo		escroquerie	fraud, cheating	
domajar	damaĝi		endommager	damnify	
Dominika	Dominiko		Dominique	Dominica, Commonwealth of Dominica	ドミニカ
Dominikana Republiko	Domingo		République dominicaine	Dominican Republic	ドミニカ共和国
domo	domo	domus	maison, domicile	house, home, home, dwelling	家
donacajo	dar, donaco	donum, munus	cadeau, présent, don	gift, present	贈り物, プレゼント, ギフト
donar	doni	dare	donner	give	あげる
dormar	dormi	dormire	dormir, pioncer, faire dodo, faire dodo	sleep, rest, kip, slumber	眠る, 寝る
dormo-chambro	dormoĉambro	cubiculum	Chambre à coucher, Chambre, chambre, chambre à coucher, piaule	bedroom, sleeping room, chamber, bedchamber	寝室, ベッドルーム
doto	doto	dos	dot	dowry, trousseau, tocher	持参金
dozo tro-forta			surdose, overdose	overdose	オーバードーズ
drako	drako	draco	dragon	dragon	龍, 竜, ドラゴン
drinkajo	trinkaĵo		boisson, consommation, breuvage	beverage, drink, drink, drinkable, potable	飲み物, 飲料, ドリンク
drinkar	trinki	bibere	boire	drink, gulp, quaff, sip	飲む
drinkopekunio			donner un pourboire, verser un pourboire	tip	
dronto	dodo, dronto		dodo, dronte de Maurice, dronte	dodo	ドードー
du	du; du	duo, duae	deux; deux	two; two	二; 二
duadek	dudek	viginti	vingt	twenty, score, score	二十
duno	duno		dune de sable, dune	sand dune	砂丘
duopla stelo			étoile binaire	binary star	連星
duparta			biparti	bipartite	
durstar		sitīre	avoir soif	thirst, be thirsty	
durstoza	soifi	sitiens, siccus	assoiffé	thirsty	喉が乾いた
dushar			doucher	shower	
ebulioskopo			ébullioscope, ébulliomètre	ebullioscope	
edukar			éduquer	educate	
egaligo			égalisation	equalization	
Egiptia	Egiptio		Égypte	Egypt, Arab Republic of Egypt	エジプト
Eiffel Turmo	Eiffel-Turo		tour Eiffel, dame de fer	Eiffel Tower	エッフェル塔
ekino	eĥino		oursin, châtaigne de mer, hérisson de mer, échinidé	sea-urchin, urchin, sea urchin, hurcheon	ウニ, 海胆, 雲丹
ekonomiko	ekonomiko	oeconomia	science économique, économie	economics, economic science	経済学
ekzemo	ekzemo		eczéma	eczema	湿疹
Elbe	Elbo	Albis	Elbe	Elbe	エルベ川
elefanto	elefanto	elephantus	éléphant	elephant	象
elekto	elekto, balotado		élection	election	選挙, 選任, 選出
elektro	elektro	electricitas	électricité	electricity	電気
elektronala			électronique	electronic	電子
elektronika			électronique	electronically, electronic	
elektrono	elektrono	electron	électron	electron	電子
emuo	emuo		émeu, émoe	emu	エミュー
en kazo ke			au cas où	in case	
energio			énergie	energy	エネルギー
enirar	eniri		entrer	enter, go in	入る
enoyiganta			ennuyeux, ennuyant, chiant, barbant	boring, tedious, dull	退屈な, つまらない
enoyigiva			ennuyeux, ennuyant, chiant, barbant	boring, tedious, dull	退屈な, つまらない
enterigeyo	tombejo, enterigejo	sepulcretum	cimetière	cemetery, churchyard, cœmetery, graveyard, burial ground	墓地, ぼち
enterito			entérite	enteritis	
entraprezisto	entreprenisto		entrepreneur	entrepreneur	
envio			envie	hangnail, agnail	ささくれ
Eolia-insuli	Liparaj insuloj, Eolaj Insuloj		îles Éoliennes, îles Lipari	Aeolian Islands, Lipari Islands	エオリア諸島
epicentro	surcentro		épicentre	epicentre, epicentre, epicenter	震源地, 震央, 震源
epicikloido	cikloido		cycloïde, épicycloïde	epicycloid	
epifizo			épiphyse	epiphysis	
epigramo	epigramo	pigramma	épigramme	epigram	エピグラム
epilepsio	epilepsio	epilepsia	épilepsie	epilepsy	てんかん
epistemologio	sciteorio, epistemologio	epistemologia	épistémologie	epistemology	
epizootio	epizootio		épizootie	epizootic	
eponimo	eponimo		éponymie	eponym	名祖
equaciono	ekvacio		équation	equation	方程式
Equador	Ekvadoro	Aequatoria	Équateur	Ecuador, Republic of Ecuador	エクアドル
Equatorala Guinea	Ekvatora Gvineo	Guinea Aequatorensis	Guinée équatoriale	Equatorial Guinea, Republic of Equatorial Guinea	赤道ギニア
equatoro	ekvatoro		équateur	equator	赤道
erbio	erbio	erbium	erbium	erbium	エルビウム
ergotismo	ergotismo	ignis sacer	ergotisme, mal des ardents, feu de Saint-Antoine	ergotism, ergotoxicosis, ergot poisoning, Saint Anthony's Fire	
Eritrea	Eritreo		Érythrée	Eritrea	エリトリア
ermit-krabo			bernard-l'ermite	hermit crab	ヤドカリ
espadofisho	spadofiŝo		espadon	swordfish	メカジキ
Esperanto	Esperanto	Lingua Esperantica, Lingua Zamenhofiana	espéranto	Esperanto, Esperanto	エスペラント, エスペラント語
Espo	Esperanto	Lingua Esperantica, Lingua Zamenhofiana	espéranto	Esperanto, Esperanto	エスペラント, エスペラント語
esto	oriento	oriens	est	east	東
Estonia	Estonio		Estonie	Estonia, Republic of Estonia	エストニア
etimologiisto			étymologiste	etymologist	
Etiopia	Etiopio	Aethiopia	Éthiopie	Ethiopia, Federal Democratic Republic of Ethiopia	エチオピア
etologiala			éthologique	ethological	
etologio	etologio		éthologie	ethology	動物行動学
eufemismo			euphémisme	euphemism	
Europa	Eŭropo	Europa	Europe	Europe	欧州, ヨーロッパ
europio	eŭropio	europium	europium	europium	ユウロピウム
Evangelio	Evangelio	Evangelium	évangile, Évangile	gospel	福音書
evo	agxo	natus, aetas	âge	age	年齢
exkavuro			débri, déblai	rubble	
exoplaneto	ekzoplanedo, ekstersunsistema planedo, ekstersuna planedo		exoplanète, planète extrasolaire	exoplanet, extrasolar planet	太陽系外惑星
expanso			expansion	expansion	
exterlande	eksterlande		à l'étranger	abroad	
extingo-signalo	elirmalpermeso		couvre-feu	curfew	夜間外出禁止令
fabrikerio	fabriko		usine	factory, factory	工場
facila	facila	facilis	facile, aisé, élémentaire, simple, fastoche	easy, piece of cake, like shooting fish in a barrel, convenient, simple	簡単な
Faero	Ferooj	Insulae Faeroae	Îles Féroé, Iles Féroé	Faroe Islands	フェロー諸島
fair-interdikto	elirmalpermeso		couvre-feu	curfew	夜間外出禁止令
fairo	fajro	ignis	incendie, feu	fire	火
fakochero	fakoĉero		phacochère, phacochère commun	warthog, common warthog	
Falklandi	Falklandoj	Insulae Malvinae	Malouines, îles Falkland	Falkland Islands	フォークランド諸島
familio	familio		famille	family	家族
famino	malsatego		famine	famine	飢饉
farino	faruno	farina	farine	flour, meal	粉
faro	lumturo	pharus	phare	lighthouse	灯台
fatigita	laca	fessus	fatigué, las	tired, aweary, weary	疲れた
febla		infirmus	faible	weak	弱い
febro	febro	febris	fièvre	fever, pyrexia	熱病, 熱
februaro	februaro, Februaro	februarius, februārius, Februarius	février	February	月, 二月, 如月, 2月
federalismo	federaciismo, federalismo, federismo	sociendarum civitatum doctrina	fédéralisme	federalism	連邦主義
felgo			jante	wheel rim, rim	
felica	feliĉa	laetus	content, heureux, content	happy, glad	嬉しい, うれしい
feminalo			féminin	female, feminine	女性
fenikulo	fenkolo	faeniculum	fenouil, fenouil commun	fennel	フェンネル
fero	fero	ferrum	fer	iron	鉄
ferro	fero	ferrum	fer	iron	鉄
filiino	filino	filia, nata	fille	daughter	娘
Filipini	Filipinoj	Philippinae	Philippines	Philippines, Republic of the Philippines	フィリピン
filmo	filmo		film, pellicule	film, movie, motion picture	映画
filmografio			filmographie	filmography	
filologio	filologio		philologie	philology	文献学
filozofio	filozofio	philosophia	philosophie	philosophy	
fingro	fingro	digitus	doigt, doigt, doigt	finger	指, 指
Finlandana	finna		finnois	Finnish	フィンランド語
fisho	fiŝo	piscis	poisson	fish	魚
fiziognomonio			physiognomonie	physiognomy	
flarado			olfaction, odorat	olfaction, sense of smell	
flava	flava; flava	flavus; flāvus, flavus	jaune; jaune	yellow; yellow	黄色い; 黄色
flebito				phlebitis	
floro	floro	flos	fleur	flower, bloom, blossom	花, はな, 華
fluoro	fluoro	fluor	fluor	fluorine	フッ素
fonetiko	fonetiko		phonétique	phonetics	音声学
fonteno			fontaine	fountain	噴水
fontenoplumo	fontplumo, fontoplumo		stylo-plume, stylo à plume, stylo plume, stylo, plume, stylographe, plume-fontaine	vulpen, fountain pen	万年筆
foresto	arbaro, forsto	silva	forêt	forest	森, 森林, 森林
forketo		furca	fourchette	fork	フォーク
formaco di vorti	vortfarado		formation des mots	word formation	造語法
forsan	eble	fortasse, forsitan, fors, forsit, forte, forsan, fortassis	peut-être, éventuellement, possiblement	maybe, perhaps, mayhap, perchance, possibly, peradventure, ablins, aiblins	かもしれない, かも, 多分, 若しや, でしょう, 恐らく, もしかして, ひょっとして
fortuno	bonŝanco	fortuna	chance	luck, good luck, fortune, luck	シャーンス
forumo	forumo		forum	newsgroup	ニュースグループ, フォーラム, 伝言板
fosfo	fosforo	phosphorus	phosphore	phosphorus	燐
fotografala			photographique	photographic	
fotografar	foti		photographier, prendre une photo	photograph, take a picture	写真を撮る
fotografuro	foto		photo, photographie	photograph, photo	写真
fotometria				photometry	
fragea				strawberry, strawberry red	苺色
fragiero		fragum	fraisier	strawberry plant, strawberry	
frago	frago	fragum, frāgum	fraise	strawberry	苺, イチゴ
Franca Polinezia	Franca Polinezio		Polynesie Francaise, Pays d'outre-mer de la Polynesie Francaise, Polynésie française, Pays d'outre-mer de la Polynésie Française	French Polynesia	フランス領ポリネシア
Francia	Francio		France	France	フランス, 仏蘭西, フランス
Franciana	franca lingvo, franca	lingua Francogallica	français	French, French	フランス語
francio	franciumo	francium	francium	francium	フランシウム
frigorizilo	malvarmujo, fridujo		réfrigérateur, frigidaire, frigo	fridge, refrigerator	冷蔵庫
fronto	frunto	frōns	front	forehead	額, おでこ
fru-dejuneto	matenmango	prandium, ientāculum	petit-déjeuner, repas du matin, déjeuner, petit-déjeuner, petit déjeuner	breakfast	朝食
frue	frue		tôt	early	早い
frumento	tritiko	triticum	blé	wheat	コムギ, 麦
fumar	fumi		fumer	smoke	飲む
fumo	fumo	fumus	fumée	smoke	煙
funelo			entonnoir	funnel	漏斗
futbalo	futbalo	pediludium	football, foot	football, association football	サッカー
fyordo	fjordo	fiordum	fjord, fiord	fjord, fiord	フィヨルド
Gabon	Gabono		Gabon	Gabon, Gabonese Republic	ガボン
Gaborone	Gaborono		Gaborone	Gaborone	ハボローネ
gadolino	gadolinio	gadolinium	gadolinium	gadolinium	ガドリニウム
galio	galiumo	gallium	gallium	gallium	ガリウム
Galisiana			galicien	Galician, Galician	ガリシア語
Gambia	Gambio, Gambio, Gambio, Gambio		Gambie, Gambie, Gambie, Gambie, Gambie, Gambie, Gambie	Gambia, Gambia, Gambia, Gambia, The Gambia, Republic of The Gambia	ガンビア
gambo	kruro	crus	jambe	leg, pin	足, 脚, 足
ganar	venki	vinco	vaincre, gagner	win	勝つ
gangreno	gangreno		gangrène	gangrene	
Ganimede	Ganimedo		Ganymède	Ganymede	ガニメデ
ganto	ganto		gant	glove	手袋
gazolino		benzinium	essence, gaz	petrol, gas, gasoline, petrol	ガソリン
genealogiala			généalogique	genealogical	
genealogiisto		genealogistus	généalogiste	genealogist	
geologio	geologio	geologia	géologie	geology	地質学
Georgia	Georgio; Kartvelio		Géorgie; Géorgie	Georgia; Georgia	ジョージア; グルジア
Georgiana	kartvela		géorgien	Georgian, Georgian	グルジア語
germanio	germaniumo	germanium	germanium	germanium	ゲルマニウム
Ghana	Ganao	Gana	Ghana	Ghana, Republic of Ghana	ガーナ
giboza			grumeleux	lumpy	
Gibraltar	Ĝibraltaro		Gibraltar	Gibraltar	ジブラルタル
gilotino	gilotino		guillotine	guillotine, guillotine, guillotine	ギロチン
ginekologio	ginekologio		gynécologie	gynaecology, gynecology	婦人科学
glaciera			glaciaire	glacial	
glacierala			glaciaire	glacial	
glaciero	glaĉero	glaciarium	glacier	glacier	氷河
glacio	glacio	glacies	glace	ice	氷
glia celulo	glia ĉelo		cellule gliale	glial cell, neuroglia, glia	
gluo	gluo	gluten	adhésif, colle	adhesive, glue	粘着物, 接着剤, アドヒーシブ
gobio			goujon	gudgeon	
golfo	golfo		golf	golf	ゴルフ
grafito	grafito	plumbago	graphite	graphite	石墨, グラファイト
grafologio	grafologio		graphologie	graphology	筆跡学
granda		magnus	grand	great	
granit	granito		granite	granite	花崗岩
gratifiketo			donner un pourboire, verser un pourboire	tip	
grava	peza	gravis	lourd, pesant, pondéreux	heavy	重い
Grekia	Grekio		Grèce	Greece, Hellenic Republic	ギリシア
Grekiana	greka		grec	Greek, Greek	ギリシア語
greluno	hajlo	grando	grêle	hail	ひょう, 雹
Grenada	Grenado	Granata	Grenade	Grenada	グレナダ
Grenlando	Groenlando		Groenland	Greenland	グリーンランド
griza	griza		gris	grey, gray	灰色
grozelo			groseille à maquereau	gooseberry	グーズベリー
Guadelupe	Gvadelupo		Guadeloupe	Guadeloupe	グアドループ島
Guam	Gvamo	Guama	Guam	Guam, Guam, Guam	グアム
gudro	gudro		goudron	tar	乾留液
Guernsey	Guernsey		Bailliage de Guernesey, Guernesey	Guernsey, Balliwick of Guernsey, island of Guernsey	ガーンジー島
Guinea	Gvineo	Guinea	Guinée, République de Guinée	Guinea, Republic of Guinea	ギニア
Guinea Bisau	Gvineo-Bisaŭo	Guinea Bissaviensis	Guinée-Bissao, Guinée-Bissau	Guinea-Bissau, Republic of Guinea-Bissau	ギニアビサウ
gustar	gustumi	gustare	goûter	taste	味わう, 嘗める, 味見する
guto			goutte	drop	滴
Guyana	Gujano	Guiana	Guyana	Guyana, Republic of Guyana	ガイアナ
hafnio	hafnio	hafnium	hafnium	hafnium	ハフニウム
Haiti	Haitio		Haïti, République d'Haïti	Haiti, Republic of Haiti	ハイチ
Hamilton	Hamiltono	Bermuda	Hamilton	Hamilton	ハミルトン
hamstro	hamstro		hamster	hamster	ハムスター
hancho			hanche	hip	ヒップ
hastar	kuri	currere	courir	run	走る
Hebridi			Hébrides	Hebrides	
hefo			levain, levain panaire	sourdough	サワードウ
helio	heliumo	Helium, helium	hélium	helium	ヘリウム
helminto			helminthe	parasitic worm, helminth	
helpar	helpi	adiuvare	assister, aider	assist, help, aid, chip in	手伝う, 助ける
helpo	helpo	auxilium	aide	help, aid, relief, ministration	助け, 手助け, 手伝い, ヘルプ
hemofilio	hemofilio		hémophilie	haemophilia, hemophilia, hæmophilia, bleeder's disease, Christmas disease	血友病
herbo		herba	herbe	herb	ハーブ
herdo	fajrejo	camīnus, focus	cheminée, âtre, foyer	fireplace	暖炉
heroeno	heroino	heroinum	héroïne	heroin	ヘロイン
heroo	heroo	heros	héros	hero	ヒーロー
hidrogeno	hidrogeno	hydrogenium	hydrogène	hydrogen	水素
hieno			hyène	hyena	
higroskopo			hygroscope	hygroscope	
hirundo	hirundo	hirundo	hirondelle	swallow	燕, ツバメ
Hispaniana	Hispana, hispana		espagnol, castillan, castillan	Spanish, Castilian, Spanish	スペイン語
historio	historio		histoire	history	歴史学
hivernar			hiberner	hibernate	冬眠する
hodie	hodiaŭ	hodie	aujourd'hui	today	今日, きょう, 本日
holmio	holmio		holmium	holmium	ホルミウム
homeosexuala	samseksema		homosexuel	homosexual	
homino	Virino	mulier, femina	femme, meuf, gonzesse, nana, bonne femme	woman, female	女, 女
homonimo	homonimo		homonyme	homonym	同音異義語
Honduras	Honduro		Honduras, République du Honduras	Honduras, Republic of Honduras	ホンジュラス
Hong Kong			Hong Kong	Hong Kong	香港
honoro	honoro	honos	honneur		名誉
hordeo	hordeo	hordeum	orge	barley	オオムギ
horo	horo	hora	heure	hour	時, 時間
hospitalo	malsanulejo, hospitalo	nosocomium, nosocomīum, valētūdinārium	hôpital, hosto	hospital, clinic, sickhouse	病院, 医院
hotelo	hotelo	deversorium	hôtel	hotel	ホテル, 旅館
humuristo	komikisto	poëta comicus	comédien, comique, humoriste	comic, comedian	コメディアン, お笑い芸人
hundo	hundo		chien	dog	犬
Hungaria	Hungario		Hongrie	Hungary, Republic of Hungary	ハンガリー
huo	noktuo		chevêche d'Athéna, chouette chevêche	little owl	コキンメフクロウ
Ido			ido	Ido, Ido	イド語
ikonoklasto			iconoclaste	iconoclast	
Ileono	Ileo		iléon	ileum	回腸
imitar	kopii		imiter, copier, photocopieur	copy, copiar, imitate	
implozo			implosion	implosion	爆縮
indio	indio	indium	indium	indium	インジウム
individuo	individuo		individu	individual	個人
Indonesia	Indonezio		Indonésie, République d'Indonésie	Indonesia, Republic of Indonesia	インドネシア
industrio			industrie	industry	産業
infanteto	bebo	infans	bébé, nourisson	baby, babe, infaneto, infant	赤ちゃん, 赤ん坊
infantulo	knabo	puer, adulescens, catulaster	garçon	boy	男の子
infektar	infekti	inficere	infecter, contaminer	infect	感染
infekto	infekto	infectio, contagium	infection	infection, contagion	感染症
infinitivo			infinitif	infinitive	不定詞
Infra-Saxonia	Malsupra Saksio		Basse-Saxe	Lower Saxony	ニーダーザクセン州
Ingushia	Inguŝio		République d'Ingouchie, Ingouchie	Ingushetia, Republic of Ingushetia	イングーシ共和国
injenior-arto trafikala			génie de l'infrastructure routière	traffic engineering	
inquiziciono	inkvizicio		inquisition	inquisition	異端審問
instruktar	instrui, lernigi	docere	enseigner	teach	教える
instruktisto	instruisto	magister, docens, doctor	professeur	teacher	先生
insulo	insulo	insula	île, ile	island, isle	島
inter	inter		entre	between	間
interdiktar	malpermesi	interdicere	interdire, défendre	forbid, disallow, prohibit, interdict, proscribe, veto, nix	
interesanta	interesa		intéressant	interesting	興味深い, 面白い
interna cirkumajo			environnement intérieur	indoor environment	
Internacionala Organizuro por Normizado	Internacia Organizaĵo por Normigado		Organisation internationale de normalisation	International Organization for Standardization, ISO	国際標準化機構, ISO
inundar			inonder	inundate, flood	
invadar	invadi		envahir	invade	
iodo	jodo	iodium	iode	iodine	ヨウ素
iracoza	kolera	iratus	fâché, en colère, irrité, énervé, courroucé, excédé, furibond, furieux, hors de soi	angry, mad	怒った
Iran	Irano		Iran, République Islamique d' Iran, République Islamique d'Iran	Iran, Islamic Republic of Iran	イラン, イラン・イスラム共和国
irar	iri	eō, vādō, gradior	marcher, promener	walk, wandelen, wandelen	歩く
iridio	iridio	iridium	iridium	iridium	イリジウム
Irlandana	irlanda		irlandais	Irish, Irish Gaelic, Irish , Irish	アイルランド語
Islando	Islando		Islande, République d’Islande	Iceland, Republic of Iceland	アイスランド
Israel	Israelo		Israël	Israel, State of Israel	イスラエル
Italia	Italio		Italie	Italy, Italian Republic	イタリア
Italiana	itala	lingua Italica	italien	Italian, Italian	イタリア語
Ivora Rivo	Ebur-Bordo		Côte d'Ivoire, République de la Côte d'Ivoire	Ivory Coast, Cote d'Ivoire, Republic of Cote d'Ivoire	コートジボワール
ivoro	eburo	ebur	ivoire	ivory	象牙質, 象牙
jaguaro	jaguaro		jaguar	jaguar	ジャガー
Jakarta	Ĝakarto		Jakarta, Djakarta	Jakarta, Djakarta, DKI Jakarta	ジャカルタ
Jamaika	Jamajko		Jamaïque	Jamaica	ジャマイカ
januaro	januaro, Januaro	Ianuarius, iānuārius, Januarius	janvier	January	一月, 睦月, 1月
Japonia	Japanio		Japon, Empire du Soleil-Levant	Japan, State of Japan	日本, 日本国
Japoniana	japana		japonais	Japanese, Japanese, Nihongo	日本語
jemelo	ĝemelo		jumeau	twin	双生児
jenjivo	gingivo		gencive	gingiva, gums, gum	歯茎
Jersey	Jersey		Bailliage de Jersey	Jersey, Bailiwick of Jersey	ジャージー島
jileto			gilet	waistcoat, vest	チョッキ, ベスト
jineto			genetta	genet	
jorno	tagnokto	dies, lux	jour, journée	day	日
jovdio	ĵaŭdo	dies Iovis, dies Jovis	jeudi	Thursday	木曜日
joyoza aniversario	feliĉan naskiĝtagon	felicem natalem, fortuna dies natalis, felix dies natalis, felix sit dies natalis	bon anniversaire, joyeux anniversaire, bonne fête	happy birthday	お誕生日おめでとうございます, 誕生日おめでとう
julio	julio, Julio	iūlius, Julius	juillet	July	七月, 文月, 7月
junio	junio, Junio	Iunius, iūnius, Junius	juin	June	六月, 水無月, 6月
Jupitero	Jupitero		Jupiter	Jupiter	木星
jupo	jupo		jupe	skirt	スカート
jurnalo	gazeto, ĵurnalo		journal	newspaper, gazette	新聞
juvelo	juvelo		joyau, gemme, pierre précieuse, pierre	gem, gemstone	宝石
Kabo Verda	Kabo-Verdo		Cap-Vert	Cape Verde, Republic of Cape Verde	カーボベルデ
kafeerio	kafejo		café, caoua, cafétaria, cafétéria, cafét', caféteria, cafetaria	coffee-shop, café, coffee shop, tea shop, coffee house, caff, cafeteria, cafe	カフェ, コーヒー店, コーヒーハウス, 喫茶店
kafeino	kafeino		caféine, théine	caffeine	カフェイン
kafeo	kafo	coffeum	café, caoua, caouah, cavoua	coffee	珈琲, コーヒー
Kaiman-Insuli	Kajmaninsuloj		Îles Caïmanes, îles Caïmans, îles Caïman, îles Caïmanes, iles Caïmans, iles Caïman, iles Caïmanes	Cayman Islands	ケイマン諸島
kakao			cacao	cocoa	
kakofonia	kakofonia		cacophonique	cacophonous	
kalcio	kalcio	calcium	calcium	calcium	カルシウム
kaldiero	bolegilo		chaudière	boiler	ボイラー
kalidoskopo		calidoscopium	kaléidoscope	kaleidoscope	万華鏡
kalifornio	kaliforniumo	californium	californium	californium	カリホルニウム
kalio	kalio	kalium	potassium	potassium	カリウム
kaloro	varmeco		chaleur, chaud	warmth, heath, hot	
kalzeto			chaussette	sock	靴下
kambio	ŝanĝmono	mutatio, permutatio	monnaie	change	お釣り, つり銭, 小銭
Kambodja	Kamboĝo		Cambodge	Cambodia, Kingdom of Cambodia	カンボジア
kamelo	kamelo	camelus	chameau	camel	駱駝
kameno	fajrejo	camīnus, focus	cheminée, âtre, foyer	fireplace	暖炉
kamero	fotilo, fotografilo, fotoaparato		appareil photographique, appareil photo	camera	カメラ
Kamerun	Kamerunio, Kameruno		Cameroun	Cameroon, Republic of Cameroon	カメルーン
kamforiero	kamforarbo		camphrier, arbre à camphre	camphor laurel, camphorwood, camphor tree	クスノキ
kamiono		autocinetum onerarium	camion	truck, lorry	camion, トラック
kanabo	kanabo		chanvre, cannabis	hemp	麻
kanguruo	kanguruo	halmaturus	kangourou	kangaroo, macropod	カンガルー
kanibaleso	kanibalismo		cannibalisme	cannibalism	カニバリズム
kanibalo			cannibale	cannibal	
kanoo	kanuo, kanoto		canoé, canoë, canot	canoe	カヌー
kansono	kanto	carmen	chanson	song	歌, 歌曲
kantar	kanti	canere, cantare	chanter	sing	歌う
kapo		caput	tête	head	頭
kapreolo	kapreolo		chevreuil	Roe Deer, roe, roe deer, European roe deer, western roe deer	ノロジカ
karasino			carissin	crucian carp	フナ, 鮒
karbo	karbono	carbonium	carbone	carbon	炭素
karbo dioxido	karbona dioksido		dioxyde de carbone, gaz carbonique	carbon dioxide, carbonic acid gas	二酸化炭素
kariatido			cariatide, cariatyde	caryatid	カリアティード
Karibeano	Kariba Maro	Mare Caribaeum	mer des Caraïbes, mer des Antilles	Caribbean Sea	カリブ海
karibuo	rangifero, boaco	tarandrus, tarandus, platyceros	renne, caribou	reindeer, caribou	トナカイ, 馴鹿
karnavalo	karnavalo		carnaval	carnival	謝肉祭
karno	viando	carō	viande	meat, flesh	肉
karotido			carotide, artère carotide	carotid, carotid artery	総頸動脈
karoto	karoto	carota, daucum	carotte	carotte, carrot, have a slash	ニンジン
karpentisto			menuisier	carpenter	大工
karpo	karpo	carpa	carpe, cyprinidé	carp	鯉, コイ
kasiso			cassis, groseille noire	blackcurrant	クロスグリ
kaso			caisse	cash desk, checkout, checkout counter, checkout desk, cashier's desk, till point	レジ, 勘定台
kastano	kaŝtanarbo, kaŝtanujo		châtaignier	chestnut, chestnut tree	クリ, クリノキ
kastelo	kastelo		château, château fort	castle	城
kastono				collet, bezel	
Katar	Kataro	Cataria, Quataria	Qatar, État du Qatar	Qatar, State of Qatar	カタール
katedro	predikejo		chaire	pulpit	講壇
Kategorio Commons			Catégorie de "Commons"	Commons category	
Kategorio de Commons			Catégorie de "Commons"	Commons category	
kateto	katido		chaton, minet, minou	kitten, kitty, kittie	子猫
Katmandu	Katmanduo		Katmandou	Kathmandu	カトマンズ
katyuno	katido		chaton, minet, minou	kitten, kitty, kittie	子猫
kaulo	brasiko		chou	cabbage	キャベツ
kauzo		causa	cause	cause	原因
kavajo			cavité	cavity	
kavalo	ĉevalo	equus	cheval	horse	馬
kavalokarno	ĉevalaĵo, ĉevalviando		viande de cheval, viande chevaline	horseflesh, horsemeat, horse meat	馬肉, ばにく
kaviaro			caviar	caviar	
kayako	kajako		kayak	kayak, kaiak, kiack, kyack, kyak	カヤック
kazeino	kazeino		caséine	casein	
kazo ke			au cas où	in case	
kelkafoye	kelkfoje, iafoje	aliquando, nonnunquam	parfois, quelquefois, des fois, de temps en temps, de temps à autre, occasionnellement	sometimes	時々
kemiala kompozito	kemia kombinaĵo		composé chimique, corps composé, composé	chemical compound, compound	化合物
Kenia	Kenjo		Kenya	Kenya, Republic of Kenya	ケニア
Khartoum	Ĥartumo		Khartoum	Khartoum	ハルツーム
kiasmo		chiasmus	chiasme	chiasmus	交錯配列法
kin	kvin	quīnque	cinq	five	五
kinadek	kvindek	quinquaginta	cinquante	fifty	五十
Kirgizistan	Kirgizistano		Kirghizistan, Kirghizstan, Kirghizie, République kirghize, République du Kirghizistan	Kyrgyzstan, Kyrgyz Republic	キルギス
Kiribati	Kiribato	Kiribati	Kiribati	Kiribati, Republic of Kiribati	キリバス
kirurgiisto	kirurgo	chīrurgus	chirurgien	surgeon	外科医
kirurgio	kirurgio		chirurgie	surgery	外科
kisto	kisto		kyste	cyst	嚢胞
klamar			crier	shout, scream, shout out, yell	叫ぶ
klaso			classe	class	クラス, 学級, 級
klavaro	klavaro		clavier, clavier d'ordinateur	keyboard, computer keyboard	キーボード
klepsidro		clepsydra	clepsydre	water clock, clepsydra	水時計
kleptomanio	kleptomanio		kleptomanie	kleptomania	窃盗症
kliento	kliento		client	customer, client, patron	顧客
klozar	fermi	claudo	fermer	close, shut	閉める
klozite			étroitement, de près	closely	
koalo	koalo		koala, koala cendré, paresseux australien	koala	袋熊, コアラ
kobalto	kobalto	cobaltum	cobalt	cobalt	コバルト
kokaino	kokaino		cocaïne	cocaine	コカイン
kokao			coca	coca	
koklusho	kokluŝo		coqueluche	whooping cough, chin cough, pertussis	百日咳
kokoso	kokoso; kokospalmo, kokosarbo		noix de coco; cocotier	kokosnoot, coconut; coconut palm, cocnut, coconut	ココナッツ
kolesterolo	kolesterolo		cholestérol, cholestérine	cholesterol	コレステロール
kolino	monteto	collis	colline	hill, loma, colina	丘, 丘陵
kolo	faŭko		goulot, goulot de bouteille, tête de bouteille	bottleneck, neck	瓶の首
kolombo	kolombo		colombe; colombe, pigeon	dove, pigeon; pigeon, dove	鳩
kolumbario			columbarium	columbarium	納骨堂
Kolumbia	Kolombio		Colombie	Colombia, Republic of Colombia	コロンビア
kolumo	kolumo	collum	col, encolure	collar	襟, カラー
komediisto	komikisto	poëta comicus	comédien, comique, humoriste	comic, comedian	コメディアン, お笑い芸人
komenco	eko		commencement, début	inception	
kometo	kometo	cometes, fax	Comète, comète, astre chevelu	comet, faxed star	彗星
komodo	komodo		commode	chest of drawers, dresser, bureau	化粧ダンス
Komori	Komoroj		Comores, Union des Comores	Comoros, Union of the Comoros	コモロ
komprar	aĉeti	emere	acheter	buy, purchase	買う
komputoro	komputilo		ordinateur	computer	コンピュータ, コンピューター
konfesiono	konfeso	confessio	confession	confession	懺悔, 告解
konfeto	konfetoj	frustula chartacea	confetti	confetti	紙吹雪
konfetti	konfetoj	frustula chartacea	confetti	confetti	紙吹雪
konfiskar	konfiski		confisquer, saisir	confiscate, impound, sequester, seize	没収
kono	konuso		cône	cone	円錐
konstitucaleso			constitutionnellement	constitutionally	
kontinento			continent	continent	大陸
kontoro	oficejo		bureau	office	事務所, オフィス, 執務室, 事務室
konvekto			convection, thermoconvection	convection	
koqueyo	kuirejo	coquina	cuisine	kitchen	台所
korbo	korbo		panier	basket, handbasket	かご
korbobalono	basketbalo, korbopilko		basket, basketball, basket-ball	basketball, basketball game	バスケットボール
kordagaro			cordage	cordage	
korko-querko	korkokverko		chêne-liège	Cork Oak, cork oak	
korkoquerko	korkokverko		chêne-liège	Cork Oak, cork oak	
Kornwal	Kornvalo	Cornubia	Cornouailles	Cornwall	コーンウォール
korseto	korseto		corset	corset	
korvo	korniko	corvus	corvidé, corneille	crow	カラス
kotono	kotono		cotonnier	cotton plant, cotton	綿, コットン
kovrilo	lankovrilo	lōdix	couvercle; couverture	lid; blanket	毛布
krabo			écrevisse, crabe	crab	カニ, 蟹
kravato	kravato		cravate	tie, necktie	ネクタイ
krayono	krajono	plumbum	crayon	pencil	鉛筆, えんぴつ
kredar	kredi	credere	croire	believe	信じる
kremo	kremo		crème	cream	クリーム
kriptono	kriptono	krypton	krypton	krypton	クリプトン
kristalo	kristalo		cristal	crystal	結晶
kristalografio			cristallographie	crystallography	結晶学
Kristo-nasko	Kristnasko		Noël	Christmas	クリスマス
Kroatia	Kroatio	Croatia	Croatie	Croatia, Republic of Croatia	クロアチア
kromio	kromo	chromium	chrome	chromium	クロム
kruda formulo	kemia formulo		formule chimique	chemical formula	化学式
kruro	femuro		cuisse	thigh	腿, 股, 太股
Kuba	Kubo		Cuba	Cuba, Republic of Cuba	キューバ
Kubano			Cubain	Cuban	
kudo	kubuto	ulna	coude	elbow	肘
kuko	kuko, torto	placenta	gateau, gâteau	cake	菓子な, ケーキ
kukombro	kukumo	cucumer	concombre	cucumber	きゅうり
kuliero	kulero	coclearium	cuiller, cuillère	spoon	スプーン, さじ
kultelo	tranĉilo	culter	couteau	knife	小刀, 包丁, ナイフ, 包丁
kun	kun		avec; avec	with; with, amongst, alongside	
kupro	kupro	cuprum	cuivre	copper	銅
kurar	kuri	currere	courir	run	走る
kurioza	scivola	curiosus, studiosus	curieux	curious, funny	好奇心, 知る
kuriumo	kuriumo	curium	curium	curium	キュリウム
labio-barbo	liphararo	mystax	moustache, bacchante, charmeuses	moustache, whisker	口ひげ, 口髭
labirinto			labyrinthe	labyrinth, maze	迷路
laco			lacet	lace	
Lagos	Lagoso		Lagos	Lagos	ラゴス
lakto	lakto	lac	lait	milk	乳, 牛乳
Lakto-voyo	Lakta Vojo, Lakta vojo		Voie lactée	Milky Way, Galaxy	銀河, 天の川, 銀河, 天の川
Laktovoyo	Lakta Vojo, Lakta vojo		Voie lactée	Milky Way, Galaxy	銀河, 天の川, 銀河, 天の川
lamao	lamo		lama	llama	ラマ属
lampo		Lampas, Lucerna	lampe, luminaire	lamp, light	ランプ, 明かり
lango	lango	lingua	langue	tongue	舌, べろ
lano	lano	lana	laine	wool	毛糸, ウール
lantano	lantano	lanthanum	lLanthane, lanthane	lanthanum	ランタン
larja	larĝa		large	wide	幅の広い
latrino	klozeto, tualeto, necesejo, latrino	latrina	salle de bain	bathroom, washroom, restroom, toilet, water closet, WC, lavatory, loo, bog, water closet, WC, can, john, lav	トイレ, トイレ, 便所, 化粧室, 手洗い, 厠, 憚り, べんじょ, かわや, けしょうしつ, てあらい, はばかり
latugo	laktuko	lactuca	salade, laitue	lettuce	レタス, 萵苣
Latvia	Latvio		Lettonie	Latvia, Republic of Latvia	ラトビア
laubo			pergola	pergalo	パーゴラ
lavar	lavi	lavare	laver	wash, clean up	洗う
leda	malbela	deformis, foedus, turpis	laid, moche	ugly	醜い, 見苦しい, 格好悪い
lektar	legi	legere	lire	read	読む
lenta	malrapida		lent, lente, lent	slow	遅い, ゆっくり
Leono	Leono	Leo	Lion	Leo	獅子座, しし座
leono	leono	leo	lion	lion	ライオン, 獅子
lepro	lepro	lepra	maladie de Hansen, lèpre	leprosy, HD, Hansen's disease	ハンセン病
lernar	lerni	discere	apprendre	learn, study, larn, acquire	習う, 学ぶ
Lesoto	Lesoto		Lesotho	Lesotho, Kingdom of Lesotho	レソト
letro	letero	epistula	lettre, missive	letter	手紙
levero			levier	lever	
lexikologio	leksikologio		lexicologie	lexicology	語彙論
li	ili		ils	they	
Libano	Libano	Libanus	Liban, République libanaise, pays du Cèdre, pays du cèdre	Lebanon, Lebanese Republic	レバノン
liber-kambio			libre échange	free trade	自由貿易
Liberia	Liberio		Liberia	Liberia, Republic of Liberia	リベリア
Libia	Libio		Libye, Jamahiriya arabe libyenne, Grande Jamahiriya arabe libyenne populaire socialiste	Libya, Great Socialist People's Libyan Arab Jamahiriya	リビア
libro	libro	liber	livre	book	本
Liechtenstein	Liĥtenŝtejno	Lichtenstenum	Liechtenstein, principauté de Liechtenstein	Liechtenstein, Principality of Liechtenstein	リヒテンシュタイン
ligna	ligna		en bois	wooden	
limonado			limonade	lemonade	レモネード
linguistiko	lingvoscienco, lingvistiko, lingviko	linguistica	linguistique	linguistics	言語学
linguo	lingvo	lingua	entité linguistique, langue	linguistic entity, language	言語
lino	ordinara lino, lino	linum	lin cultivé	flax, common flax, linseed	アマ
Lipari-insuli	Liparaj insuloj, Eolaj Insuloj		îles Éoliennes, îles Lipari	Aeolian Islands, Lipari Islands	エオリア諸島
liro	liro	lyra	lyre	lyre	ライアー
litio	litio	lithium	lithium	lithium	リチウム
lito	lito	lectus	lit	bed	ベッド, 布団
livar	foriri	exeo, abeo, abambulo, decedo, discedo, proficiscor, egredior, descisco	partir, mettre les voiles, se casser, se barrer, s'en aller	depart, exit, leave, quit, go away	出発, 去る
logiko	logiko		logique	logic	論理学
logikoze			logiquement	logically	
lokacanto			locataire	tenant	借地人, 小作人
lokacero			locataire	tenant	借地人, 小作人
lokaco			louage, location	rental, renting	
loko	loko	locus, positio, status	lieu, endroit	place, location, situation	場所, 位置
lombriko	lumbriko	lumbricus	lombric, ver de terre	earthworm	蚯蚓, ミミズ
London	Londono		Londres	London	ロンドン
Los Angeles	Los-Anĝeleso	Angelopolis	Los Angeles	Los Angeles, City of Angels	ロサンゼルス
lundio	lundo	dies Lunae	lundi	Monday	月曜日
luno	luno		lune, lune	moon, satelite, moon, satelite, natural satellite	月
lupo	lupeo, grandiga vitro		loupe	magnifying glass	虫眼鏡, 拡大鏡, ルーペ
lupulo	lupolo	lupus	houblon, houblon grimpant, couleuvrée septentrionale, bois du diable, vigne du Nord, salsepareille indigène	hops, common hop, hop	ホップ
lutecio	lutecio	lutetium	lutétium, lutécium	lutetium, cassiopeium	ルテチウム
Luxemburg	Luksemburgo	Luxemburgum	Luxembourg	Luxembourg	ルクセンブルク
luxo	lukso	luxus	luxe	luxury	贅沢
Madagaskar	Madagaskaro		Madagascar	Madagascar, Republic of Madagascar	マダガスカル
magazino			entrepôt	warehouse	倉庫
magnezio	magnezio		magnésium	magnesium	マグネシウム
magnezo	magnezio		magnésium	magnesium	マグネシウム
maifloro			muguet, muguet de mai	Lily of the Valley	スズラン
maizo	maizo		maïs		トウモロコシ
makarono			macaron	macaron	マカロン
Makau	Makao		Macao	Macao, Macau	マカオ
mala herbo			mauvaise herbe	weed	雑草
malad-eso	malsano	morbus	maladie	disease, illness, affliction, sickness, malady, ailment, disorder, affliction	病気, 疾患
malada	malsana	infirmus, aeger	malade	ill, sick	病気
Malawi	Malavio		Malawi	Malawi, Republic of Malaŵi	マラウイ
Maldivi	Maldivoj		Maldives, République des Maldives	Maldives, Republic of the Maldives	モルディブ
Malta	Malto		Malte	Malta, Republic of Malta	マルタ
mamiero	mamzono	strophium, cestus, fascia	soutien-gorge, brassière, soutif, soutien-doudounes, soutien-machins, soutien-nibards, sous-tif	bra, brassiere	ブラ, ブラジャー, 乳押さえ
mamifero	mamulo	mammiferus	mammifère	mammal, mammalian	哺乳類, 哺乳動物, 哺乳類
mamilo	mampinto	papilla, mamilla	mamelon, téton	nipple, papilla	乳首, 乳頭, ニップル
Man-Insulo	Manksinsulo, Man Uhartea	Monapia	île de Man, ile de Man	Isle of Man, Isle of Mann, Mann	マン島
mangano	mangano	manganum	manganèse	manganese	マンガン
manjar	manĝi	cenare, edere, comedere	manger, consommer, avaler, bouffer	eat, consume, swallow	食べる, 食う, 召し上がる, 頂く, 食事する
manuo	mano	manus	main	hand	手
mar-lutro	mar-lutro		loutre de mer	sea otter	
mardio	mardo		mardi	Tuesday	火曜日
margarino	margarino		margarine	margarine	マーガリン
mariajo	geedzeco	coniugium, nuptiae, conubium, matrimonium	mariage, épousailles	marriage, matrimony, wedlock	結婚
maristo	maristo, maristino	nauta	matelot, marin	sailor, seaman, mariner, seafarer	船員, 水夫, 船乗り, 水兵, セーラー
Maro di Marmara	Marmora Maro		mer de Marmara	Sea of Marmara, Sea of Marmora, Marmara Sea, Propontis	マルマラ海
marodero	retumilo, foliumilo, krozilo, TTT-legilo	navigatrum	navigateur, navigateur Web, navigateur Internet, butineur, brouteur, arpenteur, fouineur, fureteur, navigateur web	browser, web browser, Web browser, web-browser	ウェブブラウザ, インターネットブラウザ, WWWブラウザ, ブラウザ
Maroko	Maroko		Maroc	Morocco, Kingdom of Morocco	モロッコ
Marshall Insuli	Marŝalaj Insuloj	Insulae Marsalienses	Îles Marshall	Marshall Islands, Republic of the Marshall Islands	マーシャル諸島
marsho	marĉo	palus	marais, marécage	marsh, brook	湿地, 湿原
marsuino	foceno		marsouin, cochon de mer	porpoise	
martelo	martelo	malleus	marteau	hammer	金槌
Martinik	Martiniko	Martinica	Martinique	Martinique	マルティニーク
marto	marto, Marto	mārtius, Martius	mars	March	三月, 弥生, 3月
matematiko	matematiko	mathēmatica	mathématiques	mathematics	数学
matino	mateno	mane, matutina tempora, matutinum	matin, matinée	morning, morrow	午前
mato	tapiŝeto, mato		tapis, moquette	carpet	カーペット, 絨毯
matrala		maternus	maternel	maternal	母性, 母方の
Mauritania	Maŭritanio, Maŭritanujo	Mauretania	Mauritanie	Mauritania, Islamic Republic of Mauritania	モーリタニア
mayo	majo, Majo	maius, māius, Maius	mai	May	五月, 皐月, 5月
Mayotte	Majoto	Maiotta	Mayotte	Mayotte	マヨット
mecho	meĉo	fīlum, mergulus	mèche	candlewick, candle wick, wick	ろうそくの芯
meduzo	meduzo	pulmo, halipleumon	méduse	jellyfish	海月, 水母, クラゲ, すいぼ
mekanismo	meĥanismo, mekanismo	māchina	mécanique, mécanisme	mechanism	機構
melodio	melodio, ario	melodia	mélodie, air, ligne mélodique, phrase mélodique	melody, tune, air, line, strain, melodic line, melodic phrase	メロディ, メロディー, 旋律
melolonto			hanneton	cockchafer, may bug, billy witch	
melono	melono		melon	melon	メロン
mem			encore, même	yet, even	
memorar	memori		mémoriser	memorize	
menopauzo	menopaŭzo		ménopause	menopause, climacteric	
mentiar	mensogi	mentiri	mentir, faire accroire	lie, liegen, prevaricate	嘘をつく
mentono	mentono	mentum	menton	chin, mentum	顎
merkato	merkato	mercatus	marché	market, marketplace	市場
merkurio	hidrargo	hydrargyrus	mercure	mercury	水銀
merlano	merlango		merlan	whiting	
metafiziko	metafiziko		métaphysique	metaphysics	形而上学
metaforo			métaphore	metaphor	比喩
metatarso			métatarse, avant-pied	metatarsus, metatarsal bones	
Mexikia	Meksiko	Mexicum	Mexique	Mexico, United Mexican States	メキシコ
mezepoka	mezepoka	mediaevalis	médiéval, moyenâgeux	medieval, mediæval	
mezuro di fluo			mesure du courant (dans un cours d'eau)	stream measurement	
miel-biro			hydromel	mead	
mikro-ondi			onde à hyperfréquences, micro-onde	microwave	マイクロ波
Mikronezia	Mikronezio, Federacio de Mikronezio	Foederatae Micronesiae Civitates	Micronésie, États Fédérés de Micronésie, États fédérés de Micronésie	Micronesia, Federated States of Micronesia	ミクロネシア
mil	mil	mīlle, mīlia	mille	thousand	千
Milano	Milano		Milan	Milan	ミラノ
miliardo	miliardo		milliard	milliard, a thousand million	十億
milio	mejlo		mille	mile	マイル
min			moins	less	
minac-anta	tuja	propinquus	imminent, prochain	imminent, impending, forthcoming	
minacanta			menaçant	threatening, menacing	
minacoza			menaçant	threatening, menacing	
mofeto	mefito		mouffette, moufette, mofette, sconse, bête puante	skunk	スカンク
molar			molaire	molar	臼歯, きゅうし
molibdeno	molibdeno		molybdène	molybdenum	モリブデン
Monako	Monako		Monaco, Principauté de Monaco	Monaco	モナコ
monato	monato	mensis	mois	month	月
mondo	mondo	mundus	monde	world	世界, 世
mondo-milito	mondmilito		guerre mondiale	world war	
Mongolia	Mongolio	Mogolia	Mongolie	Mongolia	モンゴル
Montenegro	Montenegro		Monténégro	Montenegro	モンテネグロ
monto	monto	mons, mōns	montagne, mont	mountain	山, 山岳
Montserrat	Moncerato	Montserrat	Montserrat	Montserrat	モントセラト
mortar	morti		mourir, décéder, crever, clamser, s'éteindre, trépasser, avaler son extrait de naissance, fermer les yeux, manger les pissenlits par la racine, passer l’arme à gauche, payer sa dette à la nature, expirer, succomber, calancher, claboter, claquer, casser sa pipe, dévisser son billard, casser sa queue de billard, passer de vie à trépas	die, expire, pass away, kick the bucket, decease, demise, pass on, cease to be, go to meet ones maker, ring down the curtain, join the choir invisible, perish, go, exit, pass, cash in one's chips, buy the farm, conk, give-up the ghost, drop dead, pop off, choke, croak, snuff it	死ぬ, 亡くなる
morto	morto; morto	mors, exitium, quietus; mors, exitium, quietus, letum, finis	décès, mort; mort	case of death, event of death, death, fatality; death, dead	死; 死, 死亡
moruo	moruo		morue, cabillaud	cod	鱈, たら
moruso	rubusbero		ronce	blackberry, bramble	
moskeo	moskeo	meschita	mosquée	mosque	モスク
Moskva	Moskvo	Muscovia, Moscua	Moscou	Moscow	モスクワ
motivizo			motivation	motivation	動機づけ
motoro	motoro		moteur	engine	モーター, エンジン
movar	moviĝi	moveo	se mouvoir, se déplacer, bouger	move	動く
muflo	duonganto		moufle, mitaine	mitten	グリップ
muliero	Virino	mulier, femina	femme, meuf, gonzesse, nana, bonne femme	woman, female	女, 女
muskado	muskato		noix de muscade, noix muscade	nutmeg	ナツメグ
muso	muso	mūs	souris	mouse	鼠
mustardo	mustardo		moutarde	mustard	マスタード
mutono	ŝafo	ovis	mouton	sheep	羊, ひつじ
mutonulo			bouc, bélier	ram	
mutonyuno	ŝafido	agnus, agnellus	agneau	lamb, lambkin	子羊, 小羊, ラム
mutonyunokarno	ŝafidaĵo		agneau	Lammfleisch, lamb	ラム, 羊肉
muzeo	muzeo		musée	museum	博物館
muziko	muziko	musica	musique	music	音楽
Myanmar	Mjanmao		Myanmar, Birmanie, Union du Myanmar, Union de Birmanie	Myanmar, Union of Myanmar	ミャンマー
Nairobi	Najrobo		Nairobi	Nairobi	ナイロビ
Namibia	Namibio		Namibie, République de Namibie	Namibia	ナミビア
napo	napo	nāpus	navet	turnip, white turnip	カブ, 蕪, かぶ
naskodio	naskiĝtago, naskotago		anniversaire	birthday	誕生日
natar	naĝi	natare, nare	nager	swim	泳ぐ
Nauru	Nauro		Nauru	Nauru, Republic of Nauru	ナウル
nazo	nazo	nasus	nez, pif	nose	鼻, はな
ne dankinde	ne dankinde	nihil est, libenter, precare, precamini	de rien, il n'y a pas de quoi, je vous en prie, pas de quoi, bienvenue, je t’en prie, ça me fait plaisir, service, je t'en prie, avec plaisir	you're welcome, no problem, it was nothing, don't worry about it, my pleasure	どういたしまして, いいえ
nebulo	nebulo	nebula	brouillard	fog	霧
nebulozo	nebulozo	nebula	nébuleuse	nebula	星雲
Nederlandana Antili	Nederlandaj Antiloj	Antillae Nederlandiae	Antilles néerlandaises	Netherlands Antilles, Dutch Antilles	オランダ領アンティル諸島
Nederlando	Nederlando		Pays-Bas, Royaume des Pays-Bas, Hollande, Hollande	Holland, The Netherlands, Kingdom of the Netherlands, the Netherlands, Netherlands, Holland	オランダ
nekapabla			incapable	unable	
nekroso			nécrose	necrosis	壊死
nekustumata	nekomuna		rare, inhabituel, peu ordinaire, insolite	uncommon, rare, unusual, exceptional	
nenobelo			roturier	commoner	
neodimio	neodimo	neodymium	néodyme	neodymium	ネオジム
neologismo	neologismo		néologisme	neologism	新語
neono	neono		néon	neon	ネオン
Nepal	Nepalo		Népal	Nepal	ネパール
neperturbebla			imperturbable, inébranlable	imperturbable, unshakable	
Neptuno	Neptuno	Neptunus	Neptune	Neptune	海王星
neutrono	neŭtrono	neutron	neutron	neutron	中性子
nigra	nigra	niger, ater	noir	black	黒い
Nigra Maro	Nigra Maro	Pontus Euxinus, Pontus	Mer noire	Black Sea	黒海
Nikaragua	Nikaragvo		Nicaragua	Nicaragua	ニカラグア
nikelo	nikelo	niccolum	nickel	nickel	ニッケル, 白銅
niobio	niobio	niobium	niobium	niobium	ニオブ
nitro	azoto, nitrogeno	nitrogenium	azote	nitrogen, azote	窒素
Niue	Niuo		Nioué	Niue	ニウエ
nivo	neĝo	nix	neige	snow	雪, ゆき
Nobel-premio	Nobel-Premio, Premio de Nobel		prix Nobel, Nobel	Nobel Prize	ノーベル賞
nodo			nœud, nœud, nœud	knot	結び目
nokto	nokto	nox	nuit	night, nighttime, night-time	夜
nomenklatura			nomenklatura	nomenklatura	共産貴族
non	naŭ	novem	neuf	9, nine	九
nonadek	naŭdek	nonaginta	quatre-vingt-dix, 90, nonante	ninety	九十
nonesma	naŭa	nonus	neuvième, 9ème	ninth, 9th	九番目
nonimo	naŭono	nonum	neuvième	ninth, 9th	
nord-Afrikana			nord-africain	North African	
nord-Afrikano			Nord-Africain	North African	
Nord-Korea	Nord-Koreujo	Respublica Populi Democratica Coreae	Corée du Nord, République populaire démocratique de Corée	North Korea, Democratic People's Republic of Korea	北朝鮮, 朝鮮民主主義人民共和国
nordo	nordo	borealis, septentrio	nord	north	北
Norvegia	Norvegio		Norvège, Royaume de Norvège	Norway, Kingdom of Norway	ノルウェー
Nov-yaro	novjaro, Jarŝanĝo, Nova jaro		nouvel an, jour de l'an, jour du nouvel an	New Year, New Year's Day	新年
Nova-Kaledonia	Nov-Kaledonio	Nova Caledonia	Nouvelle-Calédonie, Kaledonia Berria	New Caledonia	ニューカレドニア
Nova-York	Novjorko	Novum Eboracum	New York	New York City, New York, The City of New York	ニューヨーク
Nova-Zelando	Nov-Zelando		Nouvelle-Zélande	New Zealand	ニュージーランド
novembro	novembro, Novembro	november, November	novembre	November	十一月, 霜月, 11月
Novial	Novialo		novial	Novial	ノヴィアル
nubo	nubo	nubes	nuage	cloud	雲
nudelo	nudelo		nouille	noodle, fettuccine	ヌードル, 麺類
nudeso	nudeco		nudité	nudity, nakedness	
nukleo	nukleono		nucléon	nucleon	核子
nulatempe	neniam	numquam	jamais	never	
nulo	nenio		ne rien, rien, des clopes	nothing	無
nultempe	neniam	numquam	jamais	never	
objecionar			objecter	object	
obliviar	forgesi	oblīvīscor, amitto memoriam	oublier	forget	忘失, 忘れる
Oceano Pacifiko	Pacifika Oceano	Oceanus Pacificus	Océan Pacifique	Pacific Ocean, Pacific	太平洋
ocidento	okcidento	occidens	ouest	west	西
ocilo			oscillation	oscillation, oscillation, oscillation	
Ocitaniana			occitan, langue d’oc	Occitan	オック語
od	aŭ		ou	or	か
odio			fougue	animosity	
ok	ok	octo	huit	eight	八
okadek	okdek	octōgintā	quatre-vingt, quatre-vingts, huitante, octante	eighty	八十
oktobro	oktobro, Oktobro	october, October	octobre	October	十月, 神無月, 10月
okulo	okulo	oculus	œil, yeux	eye	目
olivo	olivo		olive	olive	オリーブ
ombro	ombro	umbra	ombre	shade, shadow	影, 陰影, 日陰
omnibuso	buso, aŭtobuso	laophŏrum, autocinetum laophoricum	autobus, bus, car	bus, coach, coach	バス
ondo	ondo	unda	vague	wave	波, 周波
onklino	onklino	amita, mātertera	tante, tatie	aunt, aunty, auntie	おば, 叔母, 伯母
onklulo	onklo	thius	oncle, tonton	uncle	
ontologio	ontologio		ontologie	ontology	存在論
operacanto			opérateur	operator	操作者, オペレーター
operaco			opération, fonctionnement	functioning, operation	作業, 操作
optiko	optiko		optique	optics	光学
orangutano	orangutango		orang-outan	orangutan	オランウータン
oranjea	oranĝokolora	arantius	orange	orange	オレンジ色の, 橙色の
oratorio		oratoria		oratory	
ordinatro	komputilo		ordinateur	computer	コンピュータ, コンピューター
oreliono	mumpso	parotis	oreillon, oreillons, parotidite virale, parotidite ourlienne	mumps, epidemic parotitis	流行性耳下腺炎, おたふく風邪
orelo	orelo	auris, auricilla, auricula	oreille	ear	耳
oreloringo	orelpendaĵo		boucle d'oreille	earring	イヤリング
orgeno	orgeno		orgue	organ	
ornitorinko	ornitorinko	ornithorhynchus	ornithorynque	platypus, duck-billed platypus, duckbill, duckmole, watermole, duckbilled platypus	カモノハシ
oro	oro	aurum	or	gold	金
ortopedisto			orthopédiste	orthopedist	
osmio	osmio	osmium	osmium	osmium	オスミウム
ostro	ostro	ostrea	huître, huitre	oyster	カキ
otalgio	oreldoloro, otalgio		mal à l'oreille, otalgie	earache, otalgia	耳痛
ovo mixita			oeuf brouillé, œuf brouillé, œufs brouillés	scrambled eggs, scrambled egg	スクランブルエッグ, スクランブルドエッグ
oxo	oksigeno	oxygenium	oxygène	oxygen	酸素
pagino	paĝo	pagina	page	page	面, ページ, 項
Pakistan	Pakistano		Pakistan, République islamique du Pakistan	Pakistan, Islamic Republic of Pakistan	パキスタン
paladio	paladio	palladium	palladium	palladium	パラジウム
paleontologio	paleontologio		paléontologie	palaeontology	古生物学
palpebr-ag-anta	direktindikilo		clignotant, feu clignotant, feu de direction, clignoteur, signofile, signofil	turn signal, directional indicator, directional signal, directional, blinker, indicator, flasher, direction indicator, flashing indicator, indicator light, turn indicator, turn light, turn signal flasher, trafficator	方向指示器
Panama	Panamo		Panama, Panamá	Panama	パナマ, Panama
pangolino	maniso		pangolin, manidé, fourmilier écailleux	pangolin, scaly anteater	センザンコウ
pano	pano	panis	pain	bread	パン
papa	paĉjo		papa	dad, daddy	お父さん, パパ
papagayo	papago		perroquet	parrot	オウム
papero	papero	charta	papier	paper	紙
papiliono	papilio	pāpiliō	papillon diurne, papillon de jour, rhopalocère	butterfly	蝶々, 蝶, 蝴蝶, チョウ
Papua Nov-Guinea	Papuo-Nov-Gvineo	Papua Nova Guinea	Papouasie-Nouvelle-Guinée	Papua New Guinea	パプアニューギニア
Paraguay	Paragvajo	Paraguaia	Paraguay	Paraguay	パラグアイ
parko	parko		parc, jardin public	park	公園
parlamento	deputitejo, parlamento		parlement	parliament	
parqueto	pargeto		parquet	wood flooring, parquet	
partenogenezo	partenogenezo		parthénogenèse, parthénogénèse	parthenogenesis	単為生殖
partikulara	speciala		spécial	special	
partikulo			particule.	particle, speck	粒子
parto	parto		partie	part	部分
parturo	naskiĝo	nascentia, nativitas	accouchement, naissance, parturition, naissance, mise-bas, naissance, mise-bas	childbirth, birth, parturition, childbirth, birth, childbirth, birth	出産
parvenuo			nouveau riche, parvenu	nouveau riche, new money, parvenu, upstart	成り金, 成り上がり者, 出来星
paskala ovo	paska ovo	ovum paschale	œuf de Pâques	Easter egg	イースター・エッグ
Pasko-Insulo	Paskinsulo	insula Paschae	Île de Pâques, île de Pâques, Ile de Pâques, ile de Pâques	Isla de Pascua, Easter Island	イースター島
pasto			pâte	paste	
patro	patro; generinto	pater	père; parent	father; parent	父, お父さん, 父親, 父上, 親父; 親
patrulo	patro	pater	père	father	父, お父さん, 父親, 父上, 親父
pavonino	pavino	pāva	paonne	peahen	
pavono	pavo		paon	peacock, peafowl	孔雀, ピーコック
pavonulo	virpavo, paviĉo		paon	peacock	
pavonyuno	pavido		paonneau	peachick	
pedo	piedo	pes, pēs	pied	foot	足, 足, 足
pedofilio	pedofilio		pédophilie	pedophilia, paedophilia, pædophilia	ペドフィリア
pedunklo	pedunklo		pédoncule	peduncle	
pelo	haŭto	cutis	peau	skin	皮膚, 肌
pendar	pendumi		pendre	hang, string up	
peninsulo	duoninsulo	paeninsula	péninsule	peninsula	半島
Pentekosto	pentekosto	Pentecostes	Pentecôte	Pentecost, Whitsum, Whitsun, Whitsunday	ペンテコステ
perdar		amittere	perdre	lose	負ける
periodala tabelo dil elementaro	perioda tabelo		tableau périodique, tableau périodique des éléments	periodic table	周期表
peritoneo	peritoneo		péritoine	peritoneum	
perturbo			perturbation	disturbance	
Peru	Peruo		Pérou	Peru, Republic of Peru	ペルー
pesimista	pesimisto		pessimiste	pessimist, worrywart, alarmist, worrywart, alarmist, naysayer	
petroselo	petroselo	petroselinum, petroselinon	persil, persil cultivé, persil odorant, persin	parsley, garden parsley	パセリ
phishing	ŝteltruko		phishing, hameçonnage, filoutage	phishing	
pikturo	pentraĵo	pictura	peinture	painting	絵
piramido	piramido		pyramide	pyramid	ピラミッド
piro	piro		poire	pear	梨
pistuyo			mortier	mortar	モルタル
plado	telero	catillus	assiette	plate	皿
plajo			côte, rivage, rive	shore	
planko-sulo	planko	solum	sol, plancher	floor	床
plano	ebeno		plan	plane	平面
plantacar	planti	serō, cōnserō	planter	plant	植える
platino	plateno	platinum	platine	platinum	プラチナ, 白金
plendar			se plaindre	complain, kick, plain, sound off, quetch	
plorar	plori	flere, lacrimare	pleurer, chialer	cry, weep	泣く
plu bona			meilleur, mieux	better	
plubeligo	beligo		embellissement	beautification, embellishment	
plugilo	plugilo	aratrum	charrue	plough	鋤, 鍬
plumiero	pruno	prūnum	prune	plum	セイヨウスモモ, プラム
plumo	plumo; plumo; pruno	plūma; prūnum	plume, stylo, stylo à encre, stylographe; plume; prune	pen; feather, plumage, plume; plum	ペン, ボールペン; 羽根; セイヨウスモモ, プラム
plutonio	plutonio; plutonio; plutonio	plutonium; plutonium; plutonium	plutonium, plutonium, plutonium; plutonium, plutonium, plutonium; plutonium, plutonium, plutonium	plutonium, plutonium, plutonium; plutonium, plutonium, plutonium; plutonium, plutonium, plutonium	プルトニウム; プルトニウム; プルトニウム
polemikar			polémiser, polémiquer, polémiciser	polemize, polemise	
polexo	polekso	pollex	pouce	thumb	親指
policeyo	policejo		commissariat de police, commissariat	Expression:police station, police station, station house	警察署
poliedro	pluredro		polyèdre	polyhedron	多面体
poliglota	plurlingva		polyglotte, multilingue, plurilingue	polyglot, multilingual	
polimero	polimero		polymère	polymer	ポリマー, 重合体
Polonia	Pollando, Polio		Pologne	Poland	ポーランド
polonio	polonio	polonium	polonium	polonium	ポロニウム
polpo	polpo		poulpe, pieuvre	octopus	タコ
polvosugilo	polvosuĉilo	polverem ablator	aspirateur, balayeuse, aspirateur électrique, aspi	vacuum cleaner, hoover, vacuum	掃除機
pomo	pomo	malum	pomme	apple	林檎, リンゴ
pompelmuso	grapfrukto		pamplemousse, pomélo	grapefruit	グレープフルーツ
poneo	poneo		poney	pony	ポニー
ponto	ponto	pons	pont	bridge	橋, はし
pordo	pordo	ostium, ianua	porte, huis	gate, door	門, 戸, 扉, ドア
pordo-fenestro			porte-fenêtre	French window, French door, french window	
porelo			poireau, porreau, poirée, poirette, asperge du pauvre, poireau cultivé, poireau commun	leek	葱
porko	porko	sus, porcus	cochon, porc	pig, hog	豚
portar	alkonduki		apporter, amener	bring, get, convey, fetch, take	もっていく, もってくる
Porto-Riko	Portoriko		Porto Rico	Puerto Rico	プエルトリコ
Portugal	Portugalio		Portugal, République portugaise	Portugal	ポルトガル
Portugalana	portugala	lingua Lusitana	portugais	Portuguese, Portuguese	ポルトガル語
pose	poste		par la suite, après	afterwards, afterward	その後, それから, 後で
posto-kontoro	poŝtejo, poŝtoficejo		poste, bureau de poste	post office	郵便局
povra		pauper	pauvre	poor	貧しい, 貧乏な
povreso-limito				poverty line	貧困線
prazeodimio	prazeodimo	praseodymium	praséodyme	praseodymium	プラセオジム
prebendo			prébende	prebend	
prepoziciono			préposition	preposition	前置詞
pri	pri		à propos de, au sujet de	about	
printempo	printempo	vēr	printemps	spring	春
projektajo			projectile	projectile	
prometio	prometio	prometium	prométhium, prométhéum	promethium	プロメチウム
prostato	prostato	prostata	prostate	prostate	前立腺
prostituco		meretrix	prostitué, putain, pute, prostituée, fille de joie, fille publique, péripatéticienne, catin, grue	prostitute, whore, harlot, strumpet, hooker, trollop, hussy	売春婦
protaktinio	protaktinio	protactinium	protactinium	protactinium	プロトアクチニウム
protono	protono	proton	proton	proton	陽子
proxim	proksima		proche, près	close	近い
prurito	juko, jukado	pruritus	démangeaison	itch	かゆみ
Prusia	Prusio	Prussia, Prutenia	Prusse	Prussia	プロイセン
psikalasomata			psychosomatique	psychosomatic	
puerulo	knabo	puer, adulescens, catulaster	garçon	boy	男の子
pulio	rulpulio, rulbloko, takelo, pulio	trochlea	poulie	pulley, block, pulley-block	滑車
puso	puso	pus	pus	pus	膿
putoro			putois, putois d'Europe	European polecat, fitch, foumart, foulmart	
quadripedo	kvarpiedulo		quadrupède	quadruped	四足獣
quar	kvar	quattuor	quatre	four	四, 四つ, ４
quaradek	kvardek	quadraginta	quarante	forty	四十
quaranteno	kvaranteno	quarantanna	quarantaine	quarantine	検疫
quik	tuj	iugiter, iloco	immédiatement, tout de suite, sur-le-champ, illico, de suite, dare-dare, astheure, à c't'heure	immediately, instandly, at once, instantly, straightaway, straight off, directly, now, right away, forthwith, like a shot, right now	すぐに
radioaktiva	radioaktiva		radioactif	radioactive	放射性
radiumo	radiumo	radium	radium	radium	ラジウム
radono	radono	radon	radon	radon	ラドン, レイドン
rapidigar	rapidigi, akceli		accélérer	accelerate, speed up, speed	加速
rasismo	rasismo		racisme	racism	人種差別
ratono	lav-urso		raton laveur, raton laveur commun	raccoon, common raccoon, North American raccoon, northern raccoon, coon	アライグマ, 洗熊
ratonyuno	lav-urso		raton laveur, raton laveur commun	raccoon, common raccoon, North American raccoon, northern raccoon, coon	アライグマ, 洗熊
raupo	raŭpo	eruca	chenille	caterpillar	毛虫, 芋虫
reaktivo			réactif	reagent	試薬
reda	ruĝo; ruĝa	ruber; rubeus, rufus, ruber, rubidus, russeus, vermiculus, rubicundus	rouge; rouge	red; red	赤; 赤い
redaktar			éditer, modifier	edit	編集する
regretinde	bedaŭrinde, malfeliĉe; bedaŭrinde, malfeliĉe	infeliciter	malheureusement, malencontreusement, hélas; malheureusement, hélas, à la male heure, malencontreusement	unfortunately, regrettably, unluckily, sadly, unhappily; unfortunately	生憎, 残念; 生憎, 残念
regulademo			homéostasie	homeostasis	恒常性
rejala	reĝeca		régalien	regalian	
rejulo	reĝo	rex	roi	king	国王, 国王
rekomendo			recommandation	recommendation	
rektangulo	ortangulo, rektangulo	rectangulum	rectangle	rectangle	長方形
religio	religio	religiō	religion	religion	宗教
renio	renio	rhenium	rhénium	rhenium	レニウム
rentiro	rangifero, boaco	tarandrus, tarandus, platyceros	renne, caribou	reindeer, caribou	トナカイ, 馴鹿
repozar	ripozi		se reposer	rest	休む
Republiko Kongo	Kongo Brazavila	Respublica Congensis	République du Congo, Congo-Brazzaville, Congo, Congo	Republic of the Congo, Congo-Brazzaville	コンゴ共和国
retino	retino	retina	rétine	retina	網膜
reumatologio			rhumatologie	rheumatology	
revoluciono	revolucio	revolutio	révolution	revolution	革命, 改革
reziduo	forĵetaĵo, rubo	quisquiliae, scrūta, purgamentum	déchet, ordure	rubbish, waste, trash, garbage, refuse, garbage, junk, trash	ゴミ, ごみ, 廃物
Rhenlando-Palatenio	Rejnlando-Palatinato		Rhénanie-Palatinat	Rhineland-Palatinate	ラインラント＝プファルツ州
richa	riĉa	dives	riche	rich, wealthy, well off	裕福, 豊か, 富有, 金持
ridetar	rideti	subridere	sourire	smile	微笑む
rinocero	rinocero	rhinoceros	rhinocéros	rhinoceros, rhino	犀 (さい、, サイ, 犀
rinovigebla fonto di energio			source d'énergie renouvelable	renewable energy source	再生可能なエネルギー源
rivero	rivero	flumen, fluvius	fleuve, rivière	river	川
rivo	bordo	ripa	berge; côte, rivage, rive	bank; shore	
robo	robo		robe	dress	ワンピース, ドレス, 服
rodio	rodio	rhodium	rhodium	rhodium	ロジウム
Romana	Romia		romain	Roman	
roto	rado	rota	roue	wheel	車輪, 輪
roza	rozokolora	roseus	rose	pink	ピンク, 桃色
rozario	rozario	rosarium	rosaire, chapelet	rosary	ロザリオ
rozea	rozokolora	roseus	rose	pink	ピンク, 桃色
Ruanda	Ruando	Ruanda	Ruanda	Rwanda, Rwandese Republic	ルワンダ
rubidio	rubidio	rubidium	rubidium	rubidium	ルビジウム
Rumania	Rumanio		Roumanie	Romania	ルーマニア
Rumaniana	rumana		roumain	Romanian, Romanaian	ルーマニア語
Rusia	Rusio		Russie, Fédération de Russie	Russia, Russian Federation	ロシア, ロシア連邦
Rusiana	rusa	Russica	russe	Russian, Russian	ロシア語, ロシヤ語, 露西亜語
rutenio	rutenio	ruthenium	ruthénium	ruthenium	ルウニウム
Réunion	Reunio	Reunio	Réunion	Réunion	レユニオン
safrano	safrano		safran	saffron	サフラン
Sahara	saharo, Saharo		sahara, Sahara, désert du Sahara	sahara, Sahara	サハラ砂漠, サハラ
sakrilejo	sakrilegio		sacrilège	sacrilege, desecration	
salivo		salīva	salive	spit, saliva	唾, つば
salmono			saumon	salmon	サーモン
salo	salo	sal	sel, sel de table, sel alimentaire, sel de cuisine	salt	塩, 食塩
Salomon Insuli	Salomonoj	Insulae Salomonicae	Îles Salomon, Salomon, îles Salomon, iles Salomon, Iles Salomon	Solomon Islands	ソロモン諸島
Salvadoria	Salvadoro		Salvador	El Salvador, Republic of El Salvador	エルサルバドル
salvio	salvio		sauge, sauge officinale, herbe sacrée, thé d'Europe	sage, garden sage, common sage, kitchen sage, ramona, true sage, culinary sage, dalmatian sage, broadleaf sage, meadow sage	セージ
samario	samario		samarium	samarium	サマリウム
sambuko	sambuko	sambucus	sureau	elderberry, elder	ニワトコ, 接骨木
sampanye	ĉampano		champagne	champagne	シャンパン
San Marino	San-Marino, San-Marino, San-Marino; San-Marino		Saint-Marin, Saint-Marin, Saint-Marin, République de Saint-Marin; Ville de Saint-Marin, Saint-Marin	San Marino, San Marino, San Marino, Republic of San Marino; San Marino	サン・マリノ, サン・マリノ, サン・マリノ
sango	sango	sanguis	sang	blood	血, 血液
sanguisugo	hirudo		sangsue	leech	
santaquuyo	sanktakvujo		bénitier	font	
Sao Tome e Principe	Sao-Tomeo kaj Principeo	Insulae Sancti Thomae et Principis	Sao Tomé-et-Principe	São Tomé and Príncipe	サントメプリンシペ
sardino	sardino		sardine	sardine	イワシ
saturdio	sabato	diēs Saturnī	samedi	Saturday	土曜日
sauco	saŭco	sucus	sauce	sauce	ソース
sekalo	sekalo	secale, secale cereale	seigle, grand blé, blé de la saint Jean	rye	ライムギ
sekretario	sekretario		secrétaire, secrétaire particulière	secretary, private secretary	秘書
selenio	seleno	seleni	sélénium	selenium	セレン
selizar			bâter, embâter, seller; seller	saddle; saddle	
selo	selo		bât, selle	packsaddle, saddle, bat	
semano	semajno	hebdomas, septimana	semaine	week	週間
semantiko	semantiko		sémantique	semantics	意味論
semino			semence; graine	seed; seed	種子, 種
semolo	semolino, semolo		semoule		
sempre	ĉiam		toujours; également	anytime; also	常に
Senegal	Senegalo, Senegalio		Sénégal	Senegal	セネガル
sep	sep	septem	sept	seven	七
sepadek	sepdek	septuaginta	soixante-dix, septante	seventy	七十
sepesma	sepa	septimus	septième, 7ème	seventh, 7th	７番目
septembro	septembro, Septembro	september, September	septembre	September	九月, 長月, 9月
Serbia	Serbio	Serbia	Serbie	Serbia	ブタペスト, セルビア
seria ocidanto	seria murdisto		tueur en série	serial killer	連続殺人
servalo	servalo		serval	serval	サーバル
server	servilo		serveur	server	サーバ
servero	servilo		serveur	server	サーバ
Seycheli	Sejŝeloj		Seychelles	Seychelles, Republic of Seychelles	セイシェル
shak-ludo	ŝako		échecs, jeu d'échec	chess	チェス
shakalo			chacal	jackal	ジャッカル
shamo			honte, disgrâce, déshonneur	shame, ignominy, disgrace	羞恥心
sharko	ŝarko	squalus	requin	shark	鮫
sharpo	skarpo, koltuko, kolskarpo		écharpe	scarf	マフラー, スカーフ, 襟巻き
shu-kordono			lacet	shoelace	
shu-laco			lacet	shoelace	
shu-metilo			chausse-pied	shoehorn, shoespoon	靴べら
Sierra Leone	Siera-Leono	Mons Leoninus	Sierra Leone, République de Sierra Leone	Sierra Leone	シエラレオネ
sifiliso	sifiliso		syphilis	syphilis	梅毒
sika	seka	siccus	sec, sèche	dry	乾いた, かわいた
sikeso			sécheresse, aridité, siccité	dryness, aridity, aridness	
silfo			sylphe, sylphide	sylph, sylphid	シルフ, シルフィード
siliko	silicio	silicium	silicium	silicon	珪素, シリコン
silogismo			syllogisme	syllogism	三段論法
simpla	simpla		simple	simple, uncomplicated	簡単な
Singapur	Singapuro	Singapura	Singapour	Singapore	シンガポール
sinkretismo	sinkretismo		syncrétisme	syncretism	
sinonimo	sinonimo		synonyme	synonym	同義語
sintaxo	sintakso; sintakso		syntaxe; syntaxe	syntax; syntax	構文, 構文論; 構文
Siria	Sirio		Syrie, République Arabe Syrienne, République arabe syrienne	Syria, Syrian Arab Republic	シリア
sis	ses	sex	six	six	六, 六つ, ６, シックス
sisadek	sesdek	sexaginta	soixante	sixty	六十
sivo	kribrilo		tamis	sieve	ふるい
skabelo			pouf, repose-pied, repose-pieds, appui-pied, appuie-pied	footrest, footstool, foot stool, foot rest	足載せ台, フットレスト
skalo	eskalo		échelle	ladder	梯子, はしご
skandio	skandio		scandium	scandium	スカンジウム
skapulo	skapolo		omoplate, scapula	shoulder blade, scapula, shoulder bone, shoulderblade	肩胛骨, 肩甲骨
skeleto	skeleto		squelette	skeleton, ottomy	骨格
skizofrenio	skizofrenio		schizophrénie	schizophrenia	
Slovakia	Slovakio		Slovaquie	Slovakia, Slovak Republic	スロヴァキア, スロバキア
Slovenia	Slovenio	Slovenia	Slovénie	Slovenia	スロベニア
sociala psikologio			psychosociologie	social psychology	
sociso		salsicia	saucisse	sausage	ソーセージ
soleo	soleo		sole commune, sole franche, langue de mer, semelle, sandale	common sole, Dove sole	
Somalia	Somalio	Somalia	Somalie	Somalia	ソマリア
somero	somero	aestas	été	summer	夏
somnambulo			somnambule	somnambulist, sleepwalker, nightwalker	
sonjar	sonĝi	somniare	rêver	dream	夢
sonjo	sonĝo	somnium	rêve, songe	dream	夢
sparviero	akcipitro		faucon	hawk	
spegulo	spegulo	speculum	miroir, glace	glass, mirror, panel	鏡
spico	spico		épice	spice	香辛料
spolianto	retumilo, foliumilo, krozilo, TTT-legilo	navigatrum	navigateur, navigateur Web, navigateur Internet, butineur, brouteur, arpenteur, fouineur, fureteur, navigateur web	browser, web browser, Web browser, web-browser	ウェブブラウザ, インターネットブラウザ, WWWブラウザ, ブラウザ
spozala	geedziĝa, edzeca	iugalis	conjugal, marital, matrimonial	conjugal, connubial, spousal, marital, matrimonial	
spozo	geedzo, spozo		mari ou femme, conjoint	spouse	
spozulo	edzo	maritus	mari, époux	husband, spouse	夫
Sri Lanka	Lanko, Sri-Lanko		Sri Lanka	Sri Lanka	スリランカ
St Lucia	Sent-Lucio	Sancta Lucia	Sainte-Lucie	Saint Lucia	セントルシア
St Pierre e Mikelon	Sankta-Piero kaj Mikelono		Saint-Pierre-et-Miquelon, San Pedro e Miguelón	Saint-Pierre and Miquelon	サンピエール島・ミクロン島
stano	stano	stannum	étain	tin	錫, スズ
stelo	stelo	stella	étoile	star	星, 恒星, 星
stifto	maleolo	talus	cheville	ankle, talocrural joint	足首
stomako		stomachus	estomac	stomach	胃
striko	striko	operistitium	grève	strike	ストライキ
stroncio	stroncio	strontium	strontium	strontium	ストロンチウム
stroopwafel	siropvaflo		stroopwafel	stroopwafel, stroopwaffel, syrup waffle	ストロープワッフル
strucho	struto	struthiocamelus, struthio	autruche	ostrich	ダチョウ, 駝鳥, オーストリッチ
strumo			goitre	goiter, bronchocele, struma	甲状腺腫
stulo	seĝo	sella, cathedra, solium	chaise	chair	椅子, 椅子
su-ocido	sinmortigo	suicidium	suicide, suicide	suicide, suicide, self-destruction, self-killing, self-murder	自殺
subisar	suferi		supporter, tolérer	bear, digest, endure, stick out, stomach, standtolerate, support, brook, abide, suffer, stand, tolerate, support, brook, abide, suffer, bear with, take	
substantivo	substantivo	nomen substantivum	substantif, nom, substantiivi	noun, substantive	名詞
sucino	sukceno		ambre, ambre jaune	amber	コハク, 琥珀
Sud-Korea	Sud-Koreio	Respublica Coreae	Corée du Sud, République de Corée	South Korea, Republic of Korea	韓国
Sudan	Sudano		Sudan, Soudan	Sudan	スーダン
Suisia	Svislando		Suisse	Switzerland	スイス
sukro	sukero	saccharum	sucre	sugar	砂糖
sulfo	sulfuro	sulphur	soufre	sulphur	硫黄
sunala	suna	sōlāris	solaire	man, solar	
suno	suno	sol	soleil, Soleil, soleil	sun, Sun, sun, sun	日, ひ, hi, 太陽
sunofrapo			coup de soleil, érythème actinique	sunburn	日焼け
superirar	superi	praecedo, supero	surpasser	surpass	
supo	supo		potage	soup	スープ
surda glotala klozita	glota plozivo, glota halto	occlusiva glottidalis	coup de glotte, consonne occlusive glottale	gottal stop, glottal stop	
Surinam	Surinamo	Surinamia	Surinam, Suriname	Suriname	スリナム
surkruto	saŭrkraŭto		choucroute	sauerkraut	ザワークラウト
suspensar	interrompi		suspendre	suspend	
sutar	kudri		coudre	sew	縫う
Swazilando	Svazilando	Suazia	Swaziland	Swaziland	スワジランド
tabloservistulo	kelnerino		serveuse	waitress	ウェートレス
tacera			taciturne, silencieux	taciturn	
Tagaloga			tagalog	Tagalog	タガログ語
Tailando	Tajlando		Thaïlande	Thailand	タイ
Taiwan	Tajvano	Taivania	Taïwan, République de Chine	Taiwan	台湾
talio	talio	thallium	thallium	thallium	タリウム
tantalo	tantalo	tantalium	tantale	tantalum	タンタル
Tanzania	Tanzanio		Tanzanie, République-Unie de Tanzanie	Tanzania	タンザニア
tapeto	gobelino		tapisserie	tapestry	タペストリー
tarda	malfrue	tarde	en retard, tardivement	late, belatedly	遅刻, 遅い
tarto			tarte	tart	
taso	taso		tasse	cup	カップ
taxuso	taksuso	taxus	if	yew	イチイ, 櫟
tayo			ceinture, taille	waist	胴のくびれ, 腰部, 胴回り
teknecio	teknecio	technetium	technétium	technetium	テクネチウム
tekniko			technique, méthode pratique	technique	
telefonar			téléphoner, appeler	telephone, call, phone, ring, ring up, call up	電話する
telefonilo	telefono		téléphone	telephone, phone	電話
teleskopo	teleskopo		télescope, lunette	telescope	望遠鏡, テレスコープ
televidilo	televido	televisio, televisionis	télévision, télé, téléviseur, téloche	television, television receiver, television set, tv, tv set, idiot box, boob tube, google box	テレビ
telurio	teluro	tellurium	tellure	tellurium	テルル
templo	templo	templum	temple	temple	お寺
temporo	tempio		tempe	temple	顳顬, 蟀谷
tendino			tendon	tendon, sinew	腱
teniso	teniso		tennis	tennis	テニス
Tennessee	Tenesio		Tennessee	Tennessee	テネシー州
teo	teo		thé	tea	茶
terapiala			thérapeutique	therapeutic	
terbio	terbio	terbium	terbium	terbium	テルビウム
teriako				theriac	
terorismo	terorismo	tromocratia	terrorisme	terrorism	テロリズム, テロ
testikulo	testiko	testiculum, cōleus, testis, coleo, testiculus, nefrones, nebrundines, culeus	testicule, couille, gosse	testicle, ball, nut, testis, orchis, ballock, bollock, egg	睾丸, 金玉, 精巣, ホーデン, 陰核, タマキン, きんたま
texto	teksto		texte	text	テキスト, 本書, 本文
tifono	tajfuno	typhonas	typhon	typhoon	台風
timar	timi		avoir peur, craindre, avoir la colique	fear, be afraid, have fear	恐れる, 怖る
tir-kesto		loculus	tiroir	drawer	引き出し, 引出し
tiroido	tiroido		thyroïde, glande thyroïde	thyroid, thyroid gland	甲状腺
titanio	titano	titanium	titane	titanium	チタン
Togo	Togolo, Togolando	Togum	Togo	Togo	トーゴ
Toki Pona	Tokipono	Lingua Toki Pona	toki pona	Toki Pona	トキポナ
tolerar	suferi		supporter, tolérer	bear, digest, endure, stick out, stomach, standtolerate, support, brook, abide, suffer, stand, tolerate, support, brook, abide, suffer, bear with, take	
tomato	tomato	solana lycopersica	tomate	tomato	トマト
tombeyo	tombejo, enterigejo	sepulcretum	cimetière	cemetery, churchyard, cœmetery, graveyard, burial ground	墓地, ぼち
Tonga	Tongo		Tonga	Tonga	トンガ
tonsuro		tonsura; tonsura	tonsure; tonsure	tonsure; Roman tonsure, tonsure	トンスラ
topologio	topologio		topologie	topology	位相幾何学
torio	torio	thorium	thorium	thorium	トリウム
tormento	torturo	cruciāmen, cruciātus	torture	torture	拷問
tradiciono			tradition, coutume	tradition	伝統, でんとう
tradukanto	tradukisto, tradukanto	interpres	traducteur	translator	翻訳者
tradukisto	tradukisto, tradukanto	interpres	traducteur	translator	翻訳者
trampolino	trampolino		trampoline	trampoline	トランポリン
treno	trajno		train, convoi	train	列車
tri	tri	trēs, tres	trois	three	三
triadek	tridek	triginta	trente	thirty	三十
triftongo	triftongo		triphtongue	triphtong	
trigramo			trigraphe	trigraph	三重音字
Trinidad e Tobago	Trinidado kaj Tobago	Trinitas et Tabacum	Trinité-et-Tobago, Trinidad-et-Tobago	Trinidad and Tobago	トリニダード・トバゴ
trista	malgaja	tristis, maestus	triste, affligé, morne, attristé, chagrin, peiné, chagriné	sad, unhappy, doleful, dolorous	悲しい
trofeo	trofeo		trophée	trophy	
trotuaro	trotuaro		trottoir	sidewalk, pavement	歩道
tuberkloso			tuberculose	tuberculosis, TB	結核
tulio	tulio		thulium	thulium	ツリウム
tulipo	tulipo		tulipe	tulip	チューリップ
tundra	tundro		toundra	tundra	ツンドラ
Tunis	Tunizo		Tunis	Tunis	チュニス
Tunizia	Tunizio	Tunesia	Tunisie	Tunisia	チュニジア
tupio	turbo		toupie	spintop, top, spinning top	独楽
Turkia	Turkujo, Turkio		Turquie, République de Turquie	Turkey	トルコ
Turkmenistan	Turkmenio	Turcomannia	Turkménistan	Turkmenistan	トルクメニスタン
Turks e Kaikos-Insuli			Îles Turks et Caïques, Îles Turques et Caïques	Turks and Caicos Islands	タークス・カイコス諸島
turmo	turo; turo	turris	tour; tour	tower; rook, castle	塔, タワー; ルーク
Tuvalu	Tuvalo	Tuvalu	Tuvalu	Tuvalu	ツバル
ube	kie	ubi	où	where	何処
uceleto	birdido	pullus, aucella, avicula	oisillon, poussin	nestling, chick, fledgling	雛
ucelo	birdo	avis	oiseau	bird	鳥, とり
ucelyuno	birdido	pullus, aucella, avicula	oisillon, poussin	nestling, chick, fledgling	雛
Uganda	Ugando		Ouganda	Uganda, Republic of Uganda	ウガンダ
Ukrainia	Ukrainio		Ukraine	Ukraine	ウクライナ
ultimato	ultimato		ultimatum	ultimatum	最後 通牒
un	unu	ūnus, ūna, ūnum	un	one	一
unesma	unua	primus	premier, première	first, 1st	第一, 最初, 初めて, 初, 一番目, 一番
unglo		unguis	ongle	fingernail, nail	爪
Unionita Stati di Amerika	United States, Unuiĝintaj Ŝtatoj de Ameriko	Respublicae Unitae Americae, Status Uniti Americae, Civitates Foederatae Americae	États-Unis d'Amérique, États-Unis	United States, United States of America, America, US, U.S., U.S.A., U.S. of A., States, USA	アメリカ合衆国, 米国, アメリカ
universitato	universitato, universitato, universitato	universitas	université, université, académie, université	university, academy, university, university	大学, 大学, 大学
ununbium	ununbio	ununbium	ununbium	ununbium	ウンウンビウム
uranio	uranio	uranium	uranium	uranium	ウラン
urbestro	urbestro		maire, bourgmestre, maire	mayor	市長, 町長
urbo	urbo, civito	urbs, civitas	ville	city	都市
Uruguay	Urugvajo	Uruguaia	Uruguay	Uruguay	ウルグアイ
Usa	United States, Unuiĝintaj Ŝtatoj de Ameriko	Respublicae Unitae Americae, Status Uniti Americae, Civitates Foederatae Americae	États-Unis d'Amérique, États-Unis	United States, United States of America, America, US, U.S., U.S.A., U.S. of A., States, USA	アメリカ合衆国, 米国, アメリカ
Usana Samoa	Usona Samoo	Samoa Americana	Samoa américaines	American Samoa	アメリカ領サモア
Utah			Utah	Utah	ユタ州
Uzbekistan	Uzbekistano, Uzbekio	Usbecia	Ouzbékistan	Uzbekistan	ウズベキスタン
uzufrukto	ĝuado	ususfructus	usufruit	usufruct	
Vaduz	Vaduzo		Vaduz	Vaduz	ファドゥーツ
vakanco	libertempo	cessatio, feriae	vacances, congé	holiday, opor-garai	休暇, 休み, バカンス, ヴァカンス, バケーション
vakua	malplena		vide	empty	空の
vakuonetigilo	polvosuĉilo	polverem ablator	aspirateur, balayeuse, aspirateur électrique, aspi	vacuum cleaner, hoover, vacuum	掃除機
valizo	valizo	riscus	valise, valoche	case, suitcase	スーツケース
valso	valso		valse	waltz, valse	ワルツ
vanadio	vanado	vanadium	vanadium	vanadium	バナジウム
vango	vango	gena, bucca	joue	cheek	頬
vanilo	vanilo		vanillier	vanilla, vanilla planifolia	
Vanuatu	Vanuatuo	Vanuatu	Vanuatu	Vanuatu	バヌアツ
variar				variegate	
variko	variko		varice	varix, varicose vein	静脈瘤
Vatikano	Vatikanurbo	Civitas Vaticana	État de la Cité du Vatican, Vatican, Saint-Siège	Vatican City, The Holy See, State of the Vatican City	バチカン市国
venar	veni	venire	venir	come, come up	来る
Venezuela	Venezuelo		Venezuela, Vénézuéla, Vénézuéla	Venezuela	ベネズエラ
Venizia	Venecio		Venise	Venice	ヴェネツィア
vento	vento	ventus	vent	wind	風
ventro	ventro	abdomen	ventre, abdomen, bedon, estomac, bide, brioche, panse	belly, abdomen, stomach, venter	腹, 腹部
verda	verda	viridis	vert	green	緑
verdatra	verdeta	pallens	verdâtre	greenish	
verigar	pruvi	demonstrare	prouver, démontrer, établir	prove, demonstrate, establish, show, shew	証明する
veruko	veruko	verrūca, verruca	verrue	wart	イボ
vespero	vespero	vesper	soir, soirée	evening	夜, 晩
vetero	vetero		temps, météo, météorologie	weather	天気, てんき
vi	vi		vous	you, yous, y'all, you lot	
vicemamilo	suĉilo		tétine, tototte, suce, sucette	pacifier, dummy, soother, binky, piece, bo-bo, nookie, comforter	おしゃぶり
Vietnam	Vjetnamio	Vietnamia	Viêt Nam, République socialiste du Viêt Nam	Vietnam	ベトナム
Vikivortaro	Vikivortaro		Wiktionnaire	Wiktionary	ウィクショナリー
vilajo		rus	village	village	村
vino	vino	vinum	vin, wyn	wine	ワイン
vintro	vintro		hiver	winter	冬
violea			pensée, violette, viola	viola	菫
Virgin-Insuli Britana			Îles Vierges britanniques	British Virgin Islands	イギリス領バージン諸島, イギリス領ヴァージン諸島
viskoza			visqueux	viscous	
vit-bero	vinbero	uva	raisin, grain de raisin	grape	葡萄
vitamino	vitamino		vitamine	vitamin	ビタミン
viteyo	vitejo		vignoble, vigne	vineyard, vinery	ブドウ園
vivo-cienco			sciences de la vie	life science	生命科学, ライフサイエンス
vizajo	vizaĝo	facies	face, visage, figure	face	顔
volar	voli	volare, desiderare	vouloir	want	欲しい
volkano	vulkano	mons ignifer; mons ignifer	volcan; volcan	volcano; volcana, volcano	火山; 火山
volkanologio	vulkanologio, vulkanoscienco	vulcanologia	volcanologie, vulcanologie	volcanology, vulcanology	火山学
vortaro	vortaro	dictionarius	dictionnaire, dico	dictionary	辞書
vorto	vorto	vocabulum, verbum	mot	word	言葉, 単語, 言葉, 語
voyajar	vojaĝi		voyager	travel	旅行する
vu esas plezure aceptata	ne dankinde	nihil est, libenter, precare, precamini	de rien, il n'y a pas de quoi, je vous en prie, pas de quoi, bienvenue, je t’en prie, ça me fait plaisir, service, je t'en prie, avec plaisir	you're welcome, no problem, it was nothing, don't worry about it, my pleasure	どういたしまして, いいえ
Wallis e Futuna Insuli	Valiso kaj Futuno		Îles Wallis et Futuna, Wallis-et-Futuna, Territoire des îles Wallis-et-Futuna	Wallis and Futuna, Territory of the Wallis and Futuna Islands	ウォリス・フツナ
Wals	Kimrio		Pays de Galles	Wales	ウェールズ
Wellington	Velingtono		Wellington	Wellington	ウェリントン
westo	okcidento	occidens	ouest	west	西
Wikivortaro	Vikivortaro		Wiktionnaire	Wiktionary	ウィクショナリー
wolframo	tungsteno	wolframium	tungstène, wolfram	tungsten	タングステン
xenono	ksenono	xenon	xénon	xenon	キセノン
xerofito	kserofito		xérophyte	xerophyte, xeric plant	
yarmilo	jarmilo	millennium	millénaire	millennium	千年間, 千年期, 千年紀
yaro	jaro		année, an	year, solar year	太陽年
yen	eno, jeno		yen	yen, Japanese yen	円, 日本円
yes	jes	sic	oui	yes, aye, yeah, yep, ay	はい
yiterbio	iterbio	ytterbium	ytterbium	ytterbium	イッテルビウム
yitrio	itrio	Yttrium	yttrium	yttrium	イットリウム
yolo			yole	yawl	
Yukatan-peninsulo	Jukatano		Péninsule du Yucatán, Yucatan, Yucatán	Yucatán Peninsula, Yucatán	ユカタン半島
yunino	knabino, fraŭlino, junulino	puella, pura, puera	fille	girl	少女, 女の子
yunulo	knabo	puer, adulescens, catulaster	garçon	boy	男の子
Zanzibar	Zanzibaro		Zanzibar	Zanzibar	ザンジバル島
zebro	zebro		zèbre	zebra	しまうま
Zimbabwe	Zimbabvo		Zimbabwe	Zimbabwe, Republic of Zimbabwe	ジンバブエ
zinko	zinko	zincum	zinc	zinc	亜鉛
zirkonio	zirkonio	zirconium	zirconium	zirconium	ジルコニウム
zoologio	zoologio		zoologie	zoology, zoological science	動物学
